ID,stateProvince,Bolivia,Brazil,Colombia,Ecuador,French.Guyana,Guyana,Panama,Peru,Suriname,Venezuela
CT_1,Tolima,0,0,1,0,0,0,0,0,0,0
CT_2,Santander,0,0,1,0,0,0,0,0,0,0
CT_3,Santander,0,0,1,0,0,0,0,0,0,0
CT_4,Cundinamarca,0,0,1,0,0,0,0,0,0,0
CT_5,Bolívar,0,0,1,0,0,0,0,0,0,0
CT_6,Valle del Cauca,0,0,1,0,0,0,0,0,0,0
CT_7,Valle del Cauca,0,0,1,0,0,0,0,0,0,0
CT_8,Valle del Cauca,0,0,1,0,0,0,0,0,0,0
CT_9,Valle del Cauca,0,0,1,0,0,0,0,0,0,0
CT_10,Valle del Cauca,0,0,1,0,0,0,0,0,0,0
CT_11,Valle del Cauca,0,0,1,0,0,0,0,0,0,0
CT_12,Antioquia,0,0,1,0,0,0,0,0,0,0
CT_13,Antioquia,0,0,1,0,0,0,0,0,0,0
CT_14,Cundinamarca,0,0,1,0,0,0,0,0,0,0
CT_15,Cundinamarca,0,0,1,0,0,0,0,0,0,0
CT_16,Cundinamarca,0,0,1,0,0,0,0,0,0,0
CT_17,Risaralda,0,0,1,0,0,0,0,0,0,0
CT_18,Santander,0,0,1,0,0,0,0,0,0,0
CT_19,Antioquia,0,0,1,0,0,0,0,0,0,0
CT_20,Antioquia,0,0,1,0,0,0,0,0,0,0
CT_21,Valle del Cauca,0,0,1,0,0,0,0,0,0,0
CT_22,Falcón,0,0,0,0,0,0,0,0,0,1
CT_23,Antioquia,0,0,1,0,0,0,0,0,0,0
CT_24,Risaralda,0,0,1,0,0,0,0,0,0,0
CT_25,Risaralda,0,0,1,0,0,0,0,0,0,0
CT_26,Pará,0,1,0,0,0,0,0,0,0,0
CT_27,Cundinamarca,0,0,1,0,0,0,0,0,0,0
CT_28,Santander,0,0,1,0,0,0,0,0,0,0
CT_29,La Guajira,0,0,1,0,0,0,0,0,0,0
CT_30,Bolívar,0,0,1,0,0,0,0,0,0,0
CT_31,Risaralda,0,0,1,0,0,0,0,0,0,0
CT_32,La Guajira,0,0,1,0,0,0,0,0,0,0
CT_33,Córdoba,0,0,1,0,0,0,0,0,0,0
CT_34,Córdoba,0,0,1,0,0,0,0,0,0,0
CT_35,La Guajira,0,0,1,0,0,0,0,0,0,0
CT_36,Córdoba,0,0,1,0,0,0,0,0,0,0
CT_37,La Guajira,0,0,1,0,0,0,0,0,0,0
CT_38,La Guajira,0,0,1,0,0,0,0,0,0,0
CT_39,La Guajira,0,0,1,0,0,0,0,0,0,0
CT_40,Santander,0,0,1,0,0,0,0,0,0,0
CT_41,Caldas,0,0,1,0,0,0,0,0,0,0
CT_42,Caldas,0,0,1,0,0,0,0,0,0,0
CT_43,Bolívar,0,0,1,0,0,0,0,0,0,0
CT_44,Vichada,0,0,1,0,0,0,0,0,0,0
CT_45,Cundinamarca,0,0,1,0,0,0,0,0,0,0
CT_46,Cundinamarca,0,0,1,0,0,0,0,0,0,0
CT_47,Cundinamarca,0,0,1,0,0,0,0,0,0,0
CT_48,Cundinamarca,0,0,1,0,0,0,0,0,0,0
CT_49,Cundinamarca,0,0,1,0,0,0,0,0,0,0
CT_50,Cundinamarca,0,0,1,0,0,0,0,0,0,0
CT_51,Cundinamarca,0,0,1,0,0,0,0,0,0,0
CT_52,Cundinamarca,0,0,1,0,0,0,0,0,0,0
CT_53,Cundinamarca,0,0,1,0,0,0,0,0,0,0
CT_54,Falcón,0,0,0,0,0,0,0,0,0,1
CT_55,Antioquia,0,0,1,0,0,0,0,0,0,0
CT_56,Santander,0,0,1,0,0,0,0,0,0,0
CT_57,Santander,0,0,1,0,0,0,0,0,0,0
CT_58,Córdoba,0,0,1,0,0,0,0,0,0,0
CT_59,Caldas,0,0,1,0,0,0,0,0,0,0
CT_60,Casanare,0,0,1,0,0,0,0,0,0,0
CT_61,Santander,0,0,1,0,0,0,0,0,0,0
CT_62,Santander,0,0,1,0,0,0,0,0,0,0
CT_63,Cundinamarca,0,0,1,0,0,0,0,0,0,0
CT_64,Vichada,0,0,1,0,0,0,0,0,0,0
CT_65,Santander,0,0,1,0,0,0,0,0,0,0
CT_66,Cundinamarca,0,0,1,0,0,0,0,0,0,0
CT_67,Cundinamarca,0,0,1,0,0,0,0,0,0,0
CT_68,Cundinamarca,0,0,1,0,0,0,0,0,0,0
CT_69,NA,0,0,1,0,0,0,0,0,0,0
CT_70,Casanare,0,0,1,0,0,0,0,0,0,0
CT_71,Santander,0,0,1,0,0,0,0,0,0,0
CT_72,Risaralda,0,0,1,0,0,0,0,0,0,0
CT_73,Risaralda,0,0,1,0,0,0,0,0,0,0
CT_74,Tolima,0,0,1,0,0,0,0,0,0,0
CT_75,Colón,0,0,0,0,0,0,1,0,0,0
CT_76,Santander,0,0,1,0,0,0,0,0,0,0
CT_77,Bolívar,0,0,1,0,0,0,0,0,0,0
CT_78,Bolívar,0,0,1,0,0,0,0,0,0,0
CT_79,Bolívar,0,0,1,0,0,0,0,0,0,0
CT_80,Risaralda,0,0,1,0,0,0,0,0,0,0
CT_81,Valle del Cauca,0,0,1,0,0,0,0,0,0,0
CT_82,Valle del Cauca,0,0,1,0,0,0,0,0,0,0
CT_83,Valle del Cauca,0,0,1,0,0,0,0,0,0,0
CT_84,Rondônia,0,1,0,0,0,0,0,0,0,0
CT_85,Valle del Cauca,0,0,1,0,0,0,0,0,0,0
CT_86,Bolívar,0,0,1,0,0,0,0,0,0,0
CT_87,Valle del Cauca,0,0,1,0,0,0,0,0,0,0
CT_88,Valle del Cauca,0,0,1,0,0,0,0,0,0,0
CT_89,Valle del Cauca,0,0,1,0,0,0,0,0,0,0
CT_90,Valle del Cauca,0,0,1,0,0,0,0,0,0,0
CT_91,Valle del Cauca,0,0,1,0,0,0,0,0,0,0
CT_92,Valle del Cauca,0,0,1,0,0,0,0,0,0,0
CT_93,Valle del Cauca,0,0,1,0,0,0,0,0,0,0
CT_94,Valle del Cauca,0,0,1,0,0,0,0,0,0,0
CT_95,Valle del Cauca,0,0,1,0,0,0,0,0,0,0
CT_96,Valle del Cauca,0,0,1,0,0,0,0,0,0,0
CT_97,Valle del Cauca,0,0,1,0,0,0,0,0,0,0
CT_98,Antioquia,0,0,1,0,0,0,0,0,0,0
CT_99,Putumayo,0,0,1,0,0,0,0,0,0,0
CT_100,Putumayo,0,0,1,0,0,0,0,0,0,0
CT_101,Putumayo,0,0,1,0,0,0,0,0,0,0
CT_102,Putumayo,0,0,1,0,0,0,0,0,0,0
CT_103,Putumayo,0,0,1,0,0,0,0,0,0,0
CT_104,Putumayo,0,0,1,0,0,0,0,0,0,0
CT_105,Putumayo,0,0,1,0,0,0,0,0,0,0
CT_106,Putumayo,0,0,1,0,0,0,0,0,0,0
CT_107,Putumayo,0,0,1,0,0,0,0,0,0,0
CT_108,Putumayo,0,0,1,0,0,0,0,0,0,0
CT_109,Putumayo,0,0,1,0,0,0,0,0,0,0
CT_110,Valle del Cauca,0,0,1,0,0,0,0,0,0,0
CT_111,Valle del Cauca,0,0,1,0,0,0,0,0,0,0
CT_112,Valle del Cauca,0,0,1,0,0,0,0,0,0,0
CT_113,Valle del Cauca,0,0,1,0,0,0,0,0,0,0
CT_114,Valle del Cauca,0,0,1,0,0,0,0,0,0,0
CT_115,Valle del Cauca,0,0,1,0,0,0,0,0,0,0
CT_116,Valle del Cauca,0,0,1,0,0,0,0,0,0,0
CT_117,Valle del Cauca,0,0,1,0,0,0,0,0,0,0
CT_118,Valle del Cauca,0,0,1,0,0,0,0,0,0,0
CT_119,Valle del Cauca,0,0,1,0,0,0,0,0,0,0
CT_120,Risaralda,0,0,1,0,0,0,0,0,0,0
CT_121,Sucre,0,0,1,0,0,0,0,0,0,0
CT_122,Córdoba,0,0,1,0,0,0,0,0,0,0
CT_123,Valle del Cauca,0,0,1,0,0,0,0,0,0,0
CT_124,Darién,0,0,0,0,0,0,1,0,0,0
CT_125,Valle del Cauca,0,0,1,0,0,0,0,0,0,0
CT_126,Cundinamarca,0,0,1,0,0,0,0,0,0,0
CT_127,Casanare,0,0,1,0,0,0,0,0,0,0
CT_128,Casanare,0,0,1,0,0,0,0,0,0,0
CT_129,Valle del Cauca,0,0,1,0,0,0,0,0,0,0
CT_130,Valle del Cauca,0,0,1,0,0,0,0,0,0,0
CT_131,Valle del Cauca,0,0,1,0,0,0,0,0,0,0
CT_132,Valle del Cauca,0,0,1,0,0,0,0,0,0,0
CT_133,Antioquia,0,0,1,0,0,0,0,0,0,0
CT_134,Antioquia,0,0,1,0,0,0,0,0,0,0
CT_135,Antioquia,0,0,1,0,0,0,0,0,0,0
CT_136,Risaralda,0,0,1,0,0,0,0,0,0,0
CT_137,Cundinamarca,0,0,1,0,0,0,0,0,0,0
CT_138,Trujillo,0,0,0,0,0,0,0,0,0,1
CT_139,Valle del Cauca,0,0,1,0,0,0,0,0,0,0
CT_140,Valle del Cauca,0,0,1,0,0,0,0,0,0,0
CT_141,Valle del Cauca,0,0,1,0,0,0,0,0,0,0
CT_142,Valle del Cauca,0,0,1,0,0,0,0,0,0,0
CT_143,Valle del Cauca,0,0,1,0,0,0,0,0,0,0
CT_144,Valle del Cauca,0,0,1,0,0,0,0,0,0,0
CT_145,Valle del Cauca,0,0,1,0,0,0,0,0,0,0
CT_146,Valle del Cauca,0,0,1,0,0,0,0,0,0,0
CT_147,Valle del Cauca,0,0,1,0,0,0,0,0,0,0
CT_148,Valle del Cauca,0,0,1,0,0,0,0,0,0,0
CT_149,Valle del Cauca,0,0,1,0,0,0,0,0,0,0
CT_150,Valle del Cauca,0,0,1,0,0,0,0,0,0,0
CT_151,Valle del Cauca,0,0,1,0,0,0,0,0,0,0
CT_152,Valle del Cauca,0,0,1,0,0,0,0,0,0,0
CT_153,Valle del Cauca,0,0,1,0,0,0,0,0,0,0
CT_154,Valle del Cauca,0,0,1,0,0,0,0,0,0,0
CT_155,Valle del Cauca,0,0,1,0,0,0,0,0,0,0
CT_156,Valle del Cauca,0,0,1,0,0,0,0,0,0,0
CT_157,Valle del Cauca,0,0,1,0,0,0,0,0,0,0
CT_158,Valle del Cauca,0,0,1,0,0,0,0,0,0,0
CT_159,Valle del Cauca,0,0,1,0,0,0,0,0,0,0
CT_160,Valle del Cauca,0,0,1,0,0,0,0,0,0,0
CT_161,Valle del Cauca,0,0,1,0,0,0,0,0,0,0
CT_162,Antioquia,0,0,1,0,0,0,0,0,0,0
CT_163,Antioquia,0,0,1,0,0,0,0,0,0,0
CT_164,Antioquia,0,0,1,0,0,0,0,0,0,0
CT_165,Antioquia,0,0,1,0,0,0,0,0,0,0
CT_166,Antioquia,0,0,1,0,0,0,0,0,0,0
CT_167,Antioquia,0,0,1,0,0,0,0,0,0,0
CT_168,Antioquia,0,0,1,0,0,0,0,0,0,0
CT_169,Antioquia,0,0,1,0,0,0,0,0,0,0
CT_170,Chocó,0,0,1,0,0,0,0,0,0,0
CT_171,Chocó,0,0,1,0,0,0,0,0,0,0
CT_172,Chocó,0,0,1,0,0,0,0,0,0,0
CT_173,Chocó,0,0,1,0,0,0,0,0,0,0
CT_174,Chocó,0,0,1,0,0,0,0,0,0,0
CT_175,Chocó,0,0,1,0,0,0,0,0,0,0
CT_176,Meta,0,0,1,0,0,0,0,0,0,0
CT_177,Santander,0,0,1,0,0,0,0,0,0,0
CT_178,Santander,0,0,1,0,0,0,0,0,0,0
CT_179,Magdalena,0,0,1,0,0,0,0,0,0,0
CT_180,Santander,0,0,1,0,0,0,0,0,0,0
CT_181,Santander,0,0,1,0,0,0,0,0,0,0
CT_182,Caldas,0,0,1,0,0,0,0,0,0,0
CT_183,Antioquia,0,0,1,0,0,0,0,0,0,0
CT_184,Antioquia,0,0,1,0,0,0,0,0,0,0
CT_185,Meta,0,0,1,0,0,0,0,0,0,0
CT_186,Risaralda,0,0,1,0,0,0,0,0,0,0
CT_187,Risaralda,0,0,1,0,0,0,0,0,0,0
CT_188,Arauca,0,0,1,0,0,0,0,0,0,0
CT_189,Darién,0,0,0,0,0,0,1,0,0,0
CT_190,Casanare,0,0,1,0,0,0,0,0,0,0
CT_191,Sucre,0,0,1,0,0,0,0,0,0,0
CT_192,Sucre,0,0,1,0,0,0,0,0,0,0
CT_193,Sucre,0,0,1,0,0,0,0,0,0,0
CT_194,Sucre,0,0,1,0,0,0,0,0,0,0
CT_195,Bolívar,0,0,1,0,0,0,0,0,0,0
CT_196,Caldas,0,0,1,0,0,0,0,0,0,0
CT_197,Risaralda,0,0,1,0,0,0,0,0,0,0
CT_198,Caldas,0,0,1,0,0,0,0,0,0,0
CT_199,Santander,0,0,1,0,0,0,0,0,0,0
CT_200,Casanare,0,0,1,0,0,0,0,0,0,0
CT_201,Casanare,0,0,1,0,0,0,0,0,0,0
CT_202,Cundinamarca,0,0,1,0,0,0,0,0,0,0
CT_203,Cundinamarca,0,0,1,0,0,0,0,0,0,0
CT_204,Bolívar,0,0,1,0,0,0,0,0,0,0
CT_205,Magdalena,0,0,1,0,0,0,0,0,0,0
CT_206,Huila,0,0,1,0,0,0,0,0,0,0
CT_207,Santander,0,0,1,0,0,0,0,0,0,0
CT_208,Casanare,0,0,1,0,0,0,0,0,0,0
CT_209,La Guajira,0,0,1,0,0,0,0,0,0,0
CT_210,Cundinamarca,0,0,1,0,0,0,0,0,0,0
CT_211,Bolívar,0,0,1,0,0,0,0,0,0,0
CT_212,Santander,0,0,1,0,0,0,0,0,0,0
CT_213,Magdalena,0,0,1,0,0,0,0,0,0,0
CT_214,Santander,0,0,1,0,0,0,0,0,0,0
CT_215,La Guajira,0,0,1,0,0,0,0,0,0,0
CT_216,La Guajira,0,0,1,0,0,0,0,0,0,0
CT_217,La Guajira,0,0,1,0,0,0,0,0,0,0
CT_218,La Guajira,0,0,1,0,0,0,0,0,0,0
CT_219,La Guajira,0,0,1,0,0,0,0,0,0,0
CT_220,La Guajira,0,0,1,0,0,0,0,0,0,0
CT_221,La Guajira,0,0,1,0,0,0,0,0,0,0
CT_222,La Guajira,0,0,1,0,0,0,0,0,0,0
CT_223,La Guajira,0,0,1,0,0,0,0,0,0,0
CT_224,La Guajira,0,0,1,0,0,0,0,0,0,0
CT_225,La Guajira,0,0,1,0,0,0,0,0,0,0
CT_226,Risaralda,0,0,1,0,0,0,0,0,0,0
CT_227,Santander,0,0,1,0,0,0,0,0,0,0
CT_228,Cesar,0,0,1,0,0,0,0,0,0,0
CT_229,La Guajira,0,0,1,0,0,0,0,0,0,0
CT_230,La Guajira,0,0,1,0,0,0,0,0,0,0
CT_231,La Guajira,0,0,1,0,0,0,0,0,0,0
CT_232,La Guajira,0,0,1,0,0,0,0,0,0,0
CT_233,Antioquia,0,0,1,0,0,0,0,0,0,0
CT_234,Cundinamarca,0,0,1,0,0,0,0,0,0,0
CT_235,Cundinamarca,0,0,1,0,0,0,0,0,0,0
CT_236,Cundinamarca,0,0,1,0,0,0,0,0,0,0
CT_237,La Guajira,0,0,1,0,0,0,0,0,0,0
CT_238,La Guajira,0,0,1,0,0,0,0,0,0,0
CT_239,La Guajira,0,0,1,0,0,0,0,0,0,0
CT_240,La Guajira,0,0,1,0,0,0,0,0,0,0
CT_241,Chocó,0,0,1,0,0,0,0,0,0,0
CT_242,Antioquia,0,0,1,0,0,0,0,0,0,0
CT_243,Quindío,0,0,1,0,0,0,0,0,0,0
CT_244,Quindío,0,0,1,0,0,0,0,0,0,0
CT_245,NA,0,0,1,0,0,0,0,0,0,0
CT_246,Risaralda,0,0,1,0,0,0,0,0,0,0
CT_247,La Guajira,0,0,1,0,0,0,0,0,0,0
CT_248,La Guajira,0,0,1,0,0,0,0,0,0,0
CT_249,La Guajira,0,0,1,0,0,0,0,0,0,0
CT_250,La Guajira,0,0,1,0,0,0,0,0,0,0
CT_251,La Guajira,0,0,1,0,0,0,0,0,0,0
CT_252,La Guajira,0,0,1,0,0,0,0,0,0,0
CT_253,La Guajira,0,0,1,0,0,0,0,0,0,0
CT_254,La Guajira,0,0,1,0,0,0,0,0,0,0
CT_255,La Guajira,0,0,1,0,0,0,0,0,0,0
CT_256,La Guajira,0,0,1,0,0,0,0,0,0,0
CT_257,La Guajira,0,0,1,0,0,0,0,0,0,0
CT_258,La Guajira,0,0,1,0,0,0,0,0,0,0
CT_259,La Guajira,0,0,1,0,0,0,0,0,0,0
CT_260,La Guajira,0,0,1,0,0,0,0,0,0,0
CT_261,La Guajira,0,0,1,0,0,0,0,0,0,0
CT_262,La Guajira,0,0,1,0,0,0,0,0,0,0
CT_263,La Guajira,0,0,1,0,0,0,0,0,0,0
CT_264,La Guajira,0,0,1,0,0,0,0,0,0,0
CT_265,La Guajira,0,0,1,0,0,0,0,0,0,0
CT_266,La Guajira,0,0,1,0,0,0,0,0,0,0
CT_267,La Guajira,0,0,1,0,0,0,0,0,0,0
CT_268,La Guajira,0,0,1,0,0,0,0,0,0,0
CT_269,La Guajira,0,0,1,0,0,0,0,0,0,0
CT_270,La Guajira,0,0,1,0,0,0,0,0,0,0
CT_271,La Guajira,0,0,1,0,0,0,0,0,0,0
CT_272,La Guajira,0,0,1,0,0,0,0,0,0,0
CT_273,La Guajira,0,0,1,0,0,0,0,0,0,0
CT_274,La Guajira,0,0,1,0,0,0,0,0,0,0
CT_275,La Guajira,0,0,1,0,0,0,0,0,0,0
CT_276,La Guajira,0,0,1,0,0,0,0,0,0,0
CT_277,La Guajira,0,0,1,0,0,0,0,0,0,0
CT_278,La Guajira,0,0,1,0,0,0,0,0,0,0
CT_279,La Guajira,0,0,1,0,0,0,0,0,0,0
CT_280,La Guajira,0,0,1,0,0,0,0,0,0,0
CT_281,La Guajira,0,0,1,0,0,0,0,0,0,0
CT_282,La Guajira,0,0,1,0,0,0,0,0,0,0
CT_283,La Guajira,0,0,1,0,0,0,0,0,0,0
CT_284,La Guajira,0,0,1,0,0,0,0,0,0,0
CT_285,La Guajira,0,0,1,0,0,0,0,0,0,0
CT_286,La Guajira,0,0,1,0,0,0,0,0,0,0
CT_287,La Guajira,0,0,1,0,0,0,0,0,0,0
CT_288,La Guajira,0,0,1,0,0,0,0,0,0,0
CT_289,La Guajira,0,0,1,0,0,0,0,0,0,0
CT_290,La Guajira,0,0,1,0,0,0,0,0,0,0
CT_291,La Guajira,0,0,1,0,0,0,0,0,0,0
CT_292,La Guajira,0,0,1,0,0,0,0,0,0,0
CT_293,La Guajira,0,0,1,0,0,0,0,0,0,0
CT_294,La Guajira,0,0,1,0,0,0,0,0,0,0
CT_295,La Guajira,0,0,1,0,0,0,0,0,0,0
CT_296,La Guajira,0,0,1,0,0,0,0,0,0,0
CT_297,La Guajira,0,0,1,0,0,0,0,0,0,0
CT_298,La Guajira,0,0,1,0,0,0,0,0,0,0
CT_299,La Guajira,0,0,1,0,0,0,0,0,0,0
CT_300,La Guajira,0,0,1,0,0,0,0,0,0,0
CT_301,La Guajira,0,0,1,0,0,0,0,0,0,0
CT_302,La Guajira,0,0,1,0,0,0,0,0,0,0
CT_303,La Guajira,0,0,1,0,0,0,0,0,0,0
CT_304,La Guajira,0,0,1,0,0,0,0,0,0,0
CT_305,La Guajira,0,0,1,0,0,0,0,0,0,0
CT_306,La Guajira,0,0,1,0,0,0,0,0,0,0
CT_307,La Guajira,0,0,1,0,0,0,0,0,0,0
CT_308,La Guajira,0,0,1,0,0,0,0,0,0,0
CT_309,La Guajira,0,0,1,0,0,0,0,0,0,0
CT_310,La Guajira,0,0,1,0,0,0,0,0,0,0
CT_311,La Guajira,0,0,1,0,0,0,0,0,0,0
CT_312,La Guajira,0,0,1,0,0,0,0,0,0,0
CT_313,La Guajira,0,0,1,0,0,0,0,0,0,0
CT_314,La Guajira,0,0,1,0,0,0,0,0,0,0
CT_315,La Guajira,0,0,1,0,0,0,0,0,0,0
CT_316,La Guajira,0,0,1,0,0,0,0,0,0,0
CT_317,La Guajira,0,0,1,0,0,0,0,0,0,0
CT_318,La Guajira,0,0,1,0,0,0,0,0,0,0
CT_319,La Guajira,0,0,1,0,0,0,0,0,0,0
CT_320,La Guajira,0,0,1,0,0,0,0,0,0,0
CT_321,La Guajira,0,0,1,0,0,0,0,0,0,0
CT_322,La Guajira,0,0,1,0,0,0,0,0,0,0
CT_323,La Guajira,0,0,1,0,0,0,0,0,0,0
CT_324,La Guajira,0,0,1,0,0,0,0,0,0,0
CT_325,La Guajira,0,0,1,0,0,0,0,0,0,0
CT_326,La Guajira,0,0,1,0,0,0,0,0,0,0
CT_327,La Guajira,0,0,1,0,0,0,0,0,0,0
CT_328,La Guajira,0,0,1,0,0,0,0,0,0,0
CT_329,La Guajira,0,0,1,0,0,0,0,0,0,0
CT_330,La Guajira,0,0,1,0,0,0,0,0,0,0
CT_331,La Guajira,0,0,1,0,0,0,0,0,0,0
CT_332,La Guajira,0,0,1,0,0,0,0,0,0,0
CT_333,La Guajira,0,0,1,0,0,0,0,0,0,0
CT_334,La Guajira,0,0,1,0,0,0,0,0,0,0
CT_335,La Guajira,0,0,1,0,0,0,0,0,0,0
CT_336,La Guajira,0,0,1,0,0,0,0,0,0,0
CT_337,La Guajira,0,0,1,0,0,0,0,0,0,0
CT_338,La Guajira,0,0,1,0,0,0,0,0,0,0
CT_339,La Guajira,0,0,1,0,0,0,0,0,0,0
CT_340,La Guajira,0,0,1,0,0,0,0,0,0,0
CT_341,La Guajira,0,0,1,0,0,0,0,0,0,0
CT_342,La Guajira,0,0,1,0,0,0,0,0,0,0
CT_343,La Guajira,0,0,1,0,0,0,0,0,0,0
CT_344,La Guajira,0,0,1,0,0,0,0,0,0,0
CT_345,La Guajira,0,0,1,0,0,0,0,0,0,0
CT_346,La Guajira,0,0,1,0,0,0,0,0,0,0
CT_347,La Guajira,0,0,1,0,0,0,0,0,0,0
CT_348,La Guajira,0,0,1,0,0,0,0,0,0,0
CT_349,La Guajira,0,0,1,0,0,0,0,0,0,0
CT_350,La Guajira,0,0,1,0,0,0,0,0,0,0
CT_351,La Guajira,0,0,1,0,0,0,0,0,0,0
CT_352,La Guajira,0,0,1,0,0,0,0,0,0,0
CT_353,La Guajira,0,0,1,0,0,0,0,0,0,0
CT_354,La Guajira,0,0,1,0,0,0,0,0,0,0
CT_355,La Guajira,0,0,1,0,0,0,0,0,0,0
CT_356,La Guajira,0,0,1,0,0,0,0,0,0,0
CT_357,La Guajira,0,0,1,0,0,0,0,0,0,0
CT_358,La Guajira,0,0,1,0,0,0,0,0,0,0
CT_359,La Guajira,0,0,1,0,0,0,0,0,0,0
CT_360,La Guajira,0,0,1,0,0,0,0,0,0,0
CT_361,La Guajira,0,0,1,0,0,0,0,0,0,0
CT_362,La Guajira,0,0,1,0,0,0,0,0,0,0
CT_363,La Guajira,0,0,1,0,0,0,0,0,0,0
CT_364,La Guajira,0,0,1,0,0,0,0,0,0,0
CT_365,La Guajira,0,0,1,0,0,0,0,0,0,0
CT_366,La Guajira,0,0,1,0,0,0,0,0,0,0
CT_367,La Guajira,0,0,1,0,0,0,0,0,0,0
CT_368,La Guajira,0,0,1,0,0,0,0,0,0,0
CT_369,La Guajira,0,0,1,0,0,0,0,0,0,0
CT_370,La Guajira,0,0,1,0,0,0,0,0,0,0
CT_371,La Guajira,0,0,1,0,0,0,0,0,0,0
CT_372,La Guajira,0,0,1,0,0,0,0,0,0,0
CT_373,La Guajira,0,0,1,0,0,0,0,0,0,0
CT_374,La Guajira,0,0,1,0,0,0,0,0,0,0
CT_375,La Guajira,0,0,1,0,0,0,0,0,0,0
CT_376,La Guajira,0,0,1,0,0,0,0,0,0,0
CT_377,La Guajira,0,0,1,0,0,0,0,0,0,0
CT_378,La Guajira,0,0,1,0,0,0,0,0,0,0
CT_379,La Guajira,0,0,1,0,0,0,0,0,0,0
CT_380,La Guajira,0,0,1,0,0,0,0,0,0,0
CT_381,La Guajira,0,0,1,0,0,0,0,0,0,0
CT_382,La Guajira,0,0,1,0,0,0,0,0,0,0
CT_383,La Guajira,0,0,1,0,0,0,0,0,0,0
CT_384,La Guajira,0,0,1,0,0,0,0,0,0,0
CT_385,La Guajira,0,0,1,0,0,0,0,0,0,0
CT_386,La Guajira,0,0,1,0,0,0,0,0,0,0
CT_387,La Guajira,0,0,1,0,0,0,0,0,0,0
CT_388,La Guajira,0,0,1,0,0,0,0,0,0,0
CT_389,La Guajira,0,0,1,0,0,0,0,0,0,0
CT_390,La Guajira,0,0,1,0,0,0,0,0,0,0
CT_391,La Guajira,0,0,1,0,0,0,0,0,0,0
CT_392,La Guajira,0,0,1,0,0,0,0,0,0,0
CT_393,La Guajira,0,0,1,0,0,0,0,0,0,0
CT_394,La Guajira,0,0,1,0,0,0,0,0,0,0
CT_395,La Guajira,0,0,1,0,0,0,0,0,0,0
CT_396,La Guajira,0,0,1,0,0,0,0,0,0,0
CT_397,La Guajira,0,0,1,0,0,0,0,0,0,0
CT_398,La Guajira,0,0,1,0,0,0,0,0,0,0
CT_399,La Guajira,0,0,1,0,0,0,0,0,0,0
CT_400,La Guajira,0,0,1,0,0,0,0,0,0,0
CT_401,La Guajira,0,0,1,0,0,0,0,0,0,0
CT_402,La Guajira,0,0,1,0,0,0,0,0,0,0
CT_403,La Guajira,0,0,1,0,0,0,0,0,0,0
CT_404,La Guajira,0,0,1,0,0,0,0,0,0,0
CT_405,La Guajira,0,0,1,0,0,0,0,0,0,0
CT_406,La Guajira,0,0,1,0,0,0,0,0,0,0
CT_407,La Guajira,0,0,1,0,0,0,0,0,0,0
CT_408,La Guajira,0,0,1,0,0,0,0,0,0,0
CT_409,La Guajira,0,0,1,0,0,0,0,0,0,0
CT_410,La Guajira,0,0,1,0,0,0,0,0,0,0
CT_411,La Guajira,0,0,1,0,0,0,0,0,0,0
CT_412,La Guajira,0,0,1,0,0,0,0,0,0,0
CT_413,La Guajira,0,0,1,0,0,0,0,0,0,0
CT_414,La Guajira,0,0,1,0,0,0,0,0,0,0
CT_415,Boyacá,0,0,1,0,0,0,0,0,0,0
CT_416,Boyacá,0,0,1,0,0,0,0,0,0,0
CT_417,Boyacá,0,0,1,0,0,0,0,0,0,0
CT_418,Boyacá,0,0,1,0,0,0,0,0,0,0
CT_419,Boyacá,0,0,1,0,0,0,0,0,0,0
CT_420,Boyacá,0,0,1,0,0,0,0,0,0,0
CT_421,Magdalena,0,0,1,0,0,0,0,0,0,0
CT_422,Meta,0,0,1,0,0,0,0,0,0,0
CT_423,Casanare,0,0,1,0,0,0,0,0,0,0
CT_424,Sucre,0,0,1,0,0,0,0,0,0,0
CT_425,Caldas,0,0,1,0,0,0,0,0,0,0
CT_426,Arauca,0,0,1,0,0,0,0,0,0,0
CT_427,Meta,0,0,1,0,0,0,0,0,0,0
CT_428,Meta,0,0,1,0,0,0,0,0,0,0
CT_429,Meta,0,0,1,0,0,0,0,0,0,0
CT_430,Meta,0,0,1,0,0,0,0,0,0,0
CT_431,Cundinamarca,0,0,1,0,0,0,0,0,0,0
CT_432,Santander,0,0,1,0,0,0,0,0,0,0
CT_433,Valle del Cauca,0,0,1,0,0,0,0,0,0,0
CT_434,Risaralda,0,0,1,0,0,0,0,0,0,0
CT_435,Cundinamarca,0,0,1,0,0,0,0,0,0,0
CT_436,Valle del Cauca,0,0,1,0,0,0,0,0,0,0
CT_437,Meta,0,0,1,0,0,0,0,0,0,0
CT_438,Meta,0,0,1,0,0,0,0,0,0,0
CT_439,Meta,0,0,1,0,0,0,0,0,0,0
CT_440,Meta,0,0,1,0,0,0,0,0,0,0
CT_441,Meta,0,0,1,0,0,0,0,0,0,0
CT_442,Meta,0,0,1,0,0,0,0,0,0,0
CT_443,Meta,0,0,1,0,0,0,0,0,0,0
CT_444,Boyacá,0,0,1,0,0,0,0,0,0,0
CT_445,Boyacá,0,0,1,0,0,0,0,0,0,0
CT_446,Valle del Cauca,0,0,1,0,0,0,0,0,0,0
CT_447,Cundinamarca,0,0,1,0,0,0,0,0,0,0
CT_448,Cundinamarca,0,0,1,0,0,0,0,0,0,0
CT_449,Cundinamarca,0,0,1,0,0,0,0,0,0,0
CT_450,Cundinamarca,0,0,1,0,0,0,0,0,0,0
CT_451,Risaralda,0,0,1,0,0,0,0,0,0,0
CT_452,Casanare,0,0,1,0,0,0,0,0,0,0
CT_453,Casanare,0,0,1,0,0,0,0,0,0,0
CT_454,Valle del Cauca,0,0,1,0,0,0,0,0,0,0
CT_455,Valle del Cauca,0,0,1,0,0,0,0,0,0,0
CT_456,Valle del Cauca,0,0,1,0,0,0,0,0,0,0
CT_457,Cundinamarca,0,0,1,0,0,0,0,0,0,0
CT_458,Caldas,0,0,1,0,0,0,0,0,0,0
CT_459,Córdoba,0,0,1,0,0,0,0,0,0,0
CT_460,Córdoba,0,0,1,0,0,0,0,0,0,0
CT_461,Córdoba,0,0,1,0,0,0,0,0,0,0
CT_462,Córdoba,0,0,1,0,0,0,0,0,0,0
CT_463,Córdoba,0,0,1,0,0,0,0,0,0,0
CT_464,Bolívar,0,0,1,0,0,0,0,0,0,0
CT_465,Bolívar,0,0,1,0,0,0,0,0,0,0
CT_466,Sucre,0,0,1,0,0,0,0,0,0,0
CT_467,Bolívar,0,0,1,0,0,0,0,0,0,0
CT_468,Sucre,0,0,1,0,0,0,0,0,0,0
CT_469,Bolívar,0,0,1,0,0,0,0,0,0,0
CT_470,Bolívar,0,0,1,0,0,0,0,0,0,0
CT_471,Bolívar,0,0,1,0,0,0,0,0,0,0
CT_472,Bolívar,0,0,1,0,0,0,0,0,0,0
CT_473,Sucre,0,0,1,0,0,0,0,0,0,0
CT_474,Bolívar,0,0,1,0,0,0,0,0,0,0
CT_475,Bolívar,0,0,1,0,0,0,0,0,0,0
CT_476,Sucre,0,0,1,0,0,0,0,0,0,0
CT_477,Bolívar,0,0,1,0,0,0,0,0,0,0
CT_478,Sucre,0,0,1,0,0,0,0,0,0,0
CT_479,Sucre,0,0,1,0,0,0,0,0,0,0
CT_480,Sucre,0,0,1,0,0,0,0,0,0,0
CT_481,Bolívar,0,0,1,0,0,0,0,0,0,0
CT_482,Bolívar,0,0,1,0,0,0,0,0,0,0
CT_483,Sucre,0,0,1,0,0,0,0,0,0,0
CT_484,Bolívar,0,0,1,0,0,0,0,0,0,0
CT_485,Bolívar,0,0,1,0,0,0,0,0,0,0
CT_486,Cundinamarca,0,0,1,0,0,0,0,0,0,0
CT_487,Valle del Cauca,0,0,1,0,0,0,0,0,0,0
CT_488,Valle del Cauca,0,0,1,0,0,0,0,0,0,0
CT_489,Tolima,0,0,1,0,0,0,0,0,0,0
CT_490,Cundinamarca,0,0,1,0,0,0,0,0,0,0
CT_491,Sucre,0,0,1,0,0,0,0,0,0,0
CT_492,Sucre,0,0,1,0,0,0,0,0,0,0
CT_493,Bolívar,0,0,1,0,0,0,0,0,0,0
CT_494,Sucre,0,0,1,0,0,0,0,0,0,0
CT_495,Sucre,0,0,1,0,0,0,0,0,0,0
CT_496,Bolívar,0,0,1,0,0,0,0,0,0,0
CT_497,Bolívar,0,0,1,0,0,0,0,0,0,0
CT_498,Bolívar,0,0,1,0,0,0,0,0,0,0
CT_499,Bolívar,0,0,1,0,0,0,0,0,0,0
CT_500,Bolívar,0,0,1,0,0,0,0,0,0,0
CT_501,Bolívar,0,0,1,0,0,0,0,0,0,0
CT_502,Sucre,0,0,1,0,0,0,0,0,0,0
CT_503,Sucre,0,0,1,0,0,0,0,0,0,0
CT_504,Bolívar,0,0,1,0,0,0,0,0,0,0
CT_505,Valle del Cauca,0,0,1,0,0,0,0,0,0,0
CT_506,Santander,0,0,1,0,0,0,0,0,0,0
CT_507,Magdalena,0,0,1,0,0,0,0,0,0,0
CT_508,Tolima,0,0,1,0,0,0,0,0,0,0
CT_509,Cundinamarca,0,0,1,0,0,0,0,0,0,0
CT_510,Casanare,0,0,1,0,0,0,0,0,0,0
CT_511,Casanare,0,0,1,0,0,0,0,0,0,0
CT_512,Valle del Cauca,0,0,1,0,0,0,0,0,0,0
CT_513,Bolívar,0,0,1,0,0,0,0,0,0,0
CT_514,Sucre,0,0,1,0,0,0,0,0,0,0
CT_515,Sucre,0,0,1,0,0,0,0,0,0,0
CT_516,Sucre,0,0,1,0,0,0,0,0,0,0
CT_517,Sucre,0,0,1,0,0,0,0,0,0,0
CT_518,Sucre,0,0,1,0,0,0,0,0,0,0
CT_519,Bolívar,0,0,1,0,0,0,0,0,0,0
CT_520,Bolívar,0,0,1,0,0,0,0,0,0,0
CT_521,Bolívar,0,0,1,0,0,0,0,0,0,0
CT_522,Sucre,0,0,1,0,0,0,0,0,0,0
CT_523,Sucre,0,0,1,0,0,0,0,0,0,0
CT_524,Roraima,0,1,0,0,0,0,0,0,0,0
CT_525,Antioquia,0,0,1,0,0,0,0,0,0,0
CT_526,Valle del Cauca,0,0,1,0,0,0,0,0,0,0
CT_527,Boyacá,0,0,1,0,0,0,0,0,0,0
CT_528,Boyacá,0,0,1,0,0,0,0,0,0,0
CT_529,Boyacá,0,0,1,0,0,0,0,0,0,0
CT_530,Boyacá,0,0,1,0,0,0,0,0,0,0
CT_531,Boyacá,0,0,1,0,0,0,0,0,0,0
CT_532,Boyacá,0,0,1,0,0,0,0,0,0,0
CT_533,Boyacá,0,0,1,0,0,0,0,0,0,0
CT_534,Caquetá,0,0,1,0,0,0,0,0,0,0
CT_535,Antioquia,0,0,1,0,0,0,0,0,0,0
CT_536,Antioquia,0,0,1,0,0,0,0,0,0,0
CT_537,Antioquia,0,0,1,0,0,0,0,0,0,0
CT_538,Antioquia,0,0,1,0,0,0,0,0,0,0
CT_539,Cundinamarca,0,0,1,0,0,0,0,0,0,0
CT_540,Boyacá,0,0,1,0,0,0,0,0,0,0
CT_541,Tolima,0,0,1,0,0,0,0,0,0,0
CT_542,Tolima,0,0,1,0,0,0,0,0,0,0
CT_543,Tolima,0,0,1,0,0,0,0,0,0,0
CT_544,Santander,0,0,1,0,0,0,0,0,0,0
CT_545,Antioquia,0,0,1,0,0,0,0,0,0,0
CT_546,Caquetá,0,0,1,0,0,0,0,0,0,0
CT_547,Casanare,0,0,1,0,0,0,0,0,0,0
CT_548,Antioquia,0,0,1,0,0,0,0,0,0,0
CT_549,Upper Takutu-Upper Essequibo,0,0,0,0,0,1,0,0,0,0
CT_550,Antioquia,0,0,1,0,0,0,0,0,0,0
CT_551,Santander,0,0,1,0,0,0,0,0,0,0
CT_552,Antioquia,0,0,1,0,0,0,0,0,0,0
CT_553,Antioquia,0,0,1,0,0,0,0,0,0,0
CT_554,Risaralda,0,0,1,0,0,0,0,0,0,0
CT_555,Antioquia,0,0,1,0,0,0,0,0,0,0
CT_556,Antioquia,0,0,1,0,0,0,0,0,0,0
CT_557,Upper Takutu-Upper Essequibo,0,0,0,0,0,1,0,0,0,0
CT_558,Atlántico,0,0,1,0,0,0,0,0,0,0
CT_559,Atlántico,0,0,1,0,0,0,0,0,0,0
CT_560,Atlántico,0,0,1,0,0,0,0,0,0,0
CT_561,Atlántico,0,0,1,0,0,0,0,0,0,0
CT_562,Atlántico,0,0,1,0,0,0,0,0,0,0
CT_563,Atlántico,0,0,1,0,0,0,0,0,0,0
CT_564,Atlántico,0,0,1,0,0,0,0,0,0,0
CT_565,Atlántico,0,0,1,0,0,0,0,0,0,0
CT_566,Valle del Cauca,0,0,1,0,0,0,0,0,0,0
CT_567,Magdalena,0,0,1,0,0,0,0,0,0,0
CT_568,Atlántico,0,0,1,0,0,0,0,0,0,0
CT_569,Atlántico,0,0,1,0,0,0,0,0,0,0
CT_570,Atlántico,0,0,1,0,0,0,0,0,0,0
CT_571,Atlántico,0,0,1,0,0,0,0,0,0,0
CT_572,Atlántico,0,0,1,0,0,0,0,0,0,0
CT_573,Antioquia,0,0,1,0,0,0,0,0,0,0
CT_574,Caquetá,0,0,1,0,0,0,0,0,0,0
CT_575,Rondônia,0,1,0,0,0,0,0,0,0,0
CT_576,Santander,0,0,1,0,0,0,0,0,0,0
CT_577,Vichada,0,0,1,0,0,0,0,0,0,0
CT_578,Casanare,0,0,1,0,0,0,0,0,0,0
CT_579,Arauca,0,0,1,0,0,0,0,0,0,0
CT_580,Arauca,0,0,1,0,0,0,0,0,0,0
CT_581,Arauca,0,0,1,0,0,0,0,0,0,0
CT_582,Arauca,0,0,1,0,0,0,0,0,0,0
CT_583,Casanare,0,0,1,0,0,0,0,0,0,0
CT_584,Valle del Cauca,0,0,1,0,0,0,0,0,0,0
CT_585,Valle del Cauca,0,0,1,0,0,0,0,0,0,0
CT_586,Antioquia,0,0,1,0,0,0,0,0,0,0
CT_587,Valle del Cauca,0,0,1,0,0,0,0,0,0,0
CT_588,Bolívar,0,0,1,0,0,0,0,0,0,0
CT_589,Risaralda,0,0,1,0,0,0,0,0,0,0
CT_590,Valle del Cauca,0,0,1,0,0,0,0,0,0,0
CT_591,Valle del Cauca,0,0,1,0,0,0,0,0,0,0
CT_592,Valle del Cauca,0,0,1,0,0,0,0,0,0,0
CT_593,Cundinamarca,0,0,1,0,0,0,0,0,0,0
CT_594,Antioquia,0,0,1,0,0,0,0,0,0,0
CT_595,Caldas,0,0,1,0,0,0,0,0,0,0
CT_596,Bolívar,0,0,1,0,0,0,0,0,0,0
CT_597,Boyacá,0,0,1,0,0,0,0,0,0,0
CT_598,Chocó,0,0,1,0,0,0,0,0,0,0
CT_599,Sucre,0,0,1,0,0,0,0,0,0,0
CT_600,Sucre,0,0,1,0,0,0,0,0,0,0
CT_601,NA,0,0,1,0,0,0,0,0,0,0
CT_602,NA,0,0,1,0,0,0,0,0,0,0
CT_603,NA,0,0,1,0,0,0,0,0,0,0
CT_604,Valle del Cauca,0,0,1,0,0,0,0,0,0,0
CT_605,Casanare,0,0,1,0,0,0,0,0,0,0
CT_606,Sucre,0,0,1,0,0,0,0,0,0,0
CT_607,Sucre,0,0,1,0,0,0,0,0,0,0
CT_608,Sucre,0,0,1,0,0,0,0,0,0,0
CT_609,Sucre,0,0,1,0,0,0,0,0,0,0
CT_610,Sucre,0,0,1,0,0,0,0,0,0,0
CT_611,Cundinamarca,0,0,1,0,0,0,0,0,0,0
CT_612,Atlántico,0,0,1,0,0,0,0,0,0,0
CT_613,Atlántico,0,0,1,0,0,0,0,0,0,0
CT_614,Atlántico,0,0,1,0,0,0,0,0,0,0
CT_615,Atlántico,0,0,1,0,0,0,0,0,0,0
CT_616,Bolívar,0,0,1,0,0,0,0,0,0,0
CT_617,Bolívar,0,0,1,0,0,0,0,0,0,0
CT_618,Bolívar,0,0,1,0,0,0,0,0,0,0
CT_619,Atlántico,0,0,1,0,0,0,0,0,0,0
CT_620,Atlántico,0,0,1,0,0,0,0,0,0,0
CT_621,Atlántico,0,0,1,0,0,0,0,0,0,0
CT_622,Atlántico,0,0,1,0,0,0,0,0,0,0
CT_623,Atlántico,0,0,1,0,0,0,0,0,0,0
CT_624,Bolívar,0,0,1,0,0,0,0,0,0,0
CT_625,Atlántico,0,0,1,0,0,0,0,0,0,0
CT_626,Atlántico,0,0,1,0,0,0,0,0,0,0
CT_627,Atlántico,0,0,1,0,0,0,0,0,0,0
CT_628,Atlántico,0,0,1,0,0,0,0,0,0,0
CT_629,Bolívar,0,0,1,0,0,0,0,0,0,0
CT_630,Bolívar,0,0,1,0,0,0,0,0,0,0
CT_631,Atlántico,0,0,1,0,0,0,0,0,0,0
CT_632,Bolívar,0,0,1,0,0,0,0,0,0,0
CT_633,Valle del Cauca,0,0,1,0,0,0,0,0,0,0
CT_634,Sucre,0,0,1,0,0,0,0,0,0,0
CT_635,Valle del Cauca,0,0,1,0,0,0,0,0,0,0
CT_636,Valle del Cauca,0,0,1,0,0,0,0,0,0,0
CT_637,Valle del Cauca,0,0,1,0,0,0,0,0,0,0
CT_638,Valle del Cauca,0,0,1,0,0,0,0,0,0,0
CT_639,Valle del Cauca,0,0,1,0,0,0,0,0,0,0
CT_640,Valle del Cauca,0,0,1,0,0,0,0,0,0,0
CT_641,Atlántico,0,0,1,0,0,0,0,0,0,0
CT_642,Atlántico,0,0,1,0,0,0,0,0,0,0
CT_643,Atlántico,0,0,1,0,0,0,0,0,0,0
CT_644,Atlántico,0,0,1,0,0,0,0,0,0,0
CT_645,Bolívar,0,0,1,0,0,0,0,0,0,0
CT_646,Atlántico,0,0,1,0,0,0,0,0,0,0
CT_647,Atlántico,0,0,1,0,0,0,0,0,0,0
CT_648,Atlántico,0,0,1,0,0,0,0,0,0,0
CT_649,Atlántico,0,0,1,0,0,0,0,0,0,0
CT_650,Atlántico,0,0,1,0,0,0,0,0,0,0
CT_651,Atlántico,0,0,1,0,0,0,0,0,0,0
CT_652,Atlántico,0,0,1,0,0,0,0,0,0,0
CT_653,Meta,0,0,1,0,0,0,0,0,0,0
CT_654,Valle del Cauca,0,0,1,0,0,0,0,0,0,0
CT_655,Valle del Cauca,0,0,1,0,0,0,0,0,0,0
CT_656,Antioquia,0,0,1,0,0,0,0,0,0,0
CT_657,Valle del Cauca,0,0,1,0,0,0,0,0,0,0
CT_658,Sucre,0,0,1,0,0,0,0,0,0,0
CT_659,Sucre,0,0,1,0,0,0,0,0,0,0
CT_660,Valle del Cauca,0,0,1,0,0,0,0,0,0,0
CT_661,Valle del Cauca,0,0,1,0,0,0,0,0,0,0
CT_662,NA,0,0,1,0,0,0,0,0,0,0
CT_663,El Beni,1,0,0,0,0,0,0,0,0,0
CT_664,Valle del Cauca,0,0,1,0,0,0,0,0,0,0
CT_665,Bolívar,0,0,1,0,0,0,0,0,0,0
CT_666,Boyacá,0,0,1,0,0,0,0,0,0,0
CT_667,Valle del Cauca,0,0,1,0,0,0,0,0,0,0
CT_668,Risaralda,0,0,1,0,0,0,0,0,0,0
CT_669,Antioquia,0,0,1,0,0,0,0,0,0,0
CT_670,Antioquia,0,0,1,0,0,0,0,0,0,0
CT_671,Valle del Cauca,0,0,1,0,0,0,0,0,0,0
CT_672,Antioquia,0,0,1,0,0,0,0,0,0,0
CT_673,Vichada,0,0,1,0,0,0,0,0,0,0
CT_674,Córdoba,0,0,1,0,0,0,0,0,0,0
CT_675,Córdoba,0,0,1,0,0,0,0,0,0,0
CT_676,Córdoba,0,0,1,0,0,0,0,0,0,0
CT_677,Vichada,0,0,1,0,0,0,0,0,0,0
CT_678,Vichada,0,0,1,0,0,0,0,0,0,0
CT_679,Córdoba,0,0,1,0,0,0,0,0,0,0
CT_680,Córdoba,0,0,1,0,0,0,0,0,0,0
CT_681,Córdoba,0,0,1,0,0,0,0,0,0,0
CT_682,Córdoba,0,0,1,0,0,0,0,0,0,0
CT_683,Córdoba,0,0,1,0,0,0,0,0,0,0
CT_684,Córdoba,0,0,1,0,0,0,0,0,0,0
CT_685,Córdoba,0,0,1,0,0,0,0,0,0,0
CT_686,Córdoba,0,0,1,0,0,0,0,0,0,0
CT_687,Córdoba,0,0,1,0,0,0,0,0,0,0
CT_688,Córdoba,0,0,1,0,0,0,0,0,0,0
CT_689,Córdoba,0,0,1,0,0,0,0,0,0,0
CT_690,Santander,0,0,1,0,0,0,0,0,0,0
CT_691,Santander,0,0,1,0,0,0,0,0,0,0
CT_692,Antioquia,0,0,1,0,0,0,0,0,0,0
CT_693,Vichada,0,0,1,0,0,0,0,0,0,0
CT_694,"Bogotá, D.C.",0,0,1,0,0,0,0,0,0,0
CT_695,Norte de Santander,0,0,1,0,0,0,0,0,0,0
CT_696,La Guajira,0,0,1,0,0,0,0,0,0,0
CT_697,Valle del Cauca,0,0,1,0,0,0,0,0,0,0
CT_698,Casanare,0,0,1,0,0,0,0,0,0,0
CT_699,Antioquia,0,0,1,0,0,0,0,0,0,0
CT_700,Cundinamarca,0,0,1,0,0,0,0,0,0,0
CT_701,Magdalena,0,0,1,0,0,0,0,0,0,0
CT_702,Magdalena,0,0,1,0,0,0,0,0,0,0
CT_703,Atlántico,0,0,1,0,0,0,0,0,0,0
CT_704,Atlántico,0,0,1,0,0,0,0,0,0,0
CT_705,Atlántico,0,0,1,0,0,0,0,0,0,0
CT_706,Atlántico,0,0,1,0,0,0,0,0,0,0
CT_707,Atlántico,0,0,1,0,0,0,0,0,0,0
CT_708,Atlántico,0,0,1,0,0,0,0,0,0,0
CT_709,Cojedes,0,0,0,0,0,0,0,0,0,1
CT_710,Tolima,0,0,1,0,0,0,0,0,0,0
CT_711,Casanare,0,0,1,0,0,0,0,0,0,0
CT_712,Casanare,0,0,1,0,0,0,0,0,0,0
CT_713,Casanare,0,0,1,0,0,0,0,0,0,0
CT_714,Casanare,0,0,1,0,0,0,0,0,0,0
CT_715,Casanare,0,0,1,0,0,0,0,0,0,0
CT_716,Casanare,0,0,1,0,0,0,0,0,0,0
CT_717,Casanare,0,0,1,0,0,0,0,0,0,0
CT_718,Casanare,0,0,1,0,0,0,0,0,0,0
CT_719,NA,0,0,0,0,0,0,0,0,0,1
CT_720,NA,0,0,0,0,0,0,0,0,0,1
CT_721,Meta,0,0,1,0,0,0,0,0,0,0
CT_722,Meta,0,0,1,0,0,0,0,0,0,0
CT_723,Meta,0,0,1,0,0,0,0,0,0,0
CT_724,Meta,0,0,1,0,0,0,0,0,0,0
CT_725,Meta,0,0,1,0,0,0,0,0,0,0
CT_726,Meta,0,0,1,0,0,0,0,0,0,0
CT_727,Meta,0,0,1,0,0,0,0,0,0,0
CT_728,Meta,0,0,1,0,0,0,0,0,0,0
CT_729,Meta,0,0,1,0,0,0,0,0,0,0
CT_730,Meta,0,0,1,0,0,0,0,0,0,0
CT_731,Tolima,0,0,1,0,0,0,0,0,0,0
CT_732,Caldas,0,0,1,0,0,0,0,0,0,0
CT_733,Meta,0,0,1,0,0,0,0,0,0,0
CT_734,Meta,0,0,1,0,0,0,0,0,0,0
CT_735,Meta,0,0,1,0,0,0,0,0,0,0
CT_736,Darién,0,0,0,0,0,0,1,0,0,0
CT_737,Apure,0,0,0,0,0,0,0,0,0,1
CT_738,Casanare,0,0,1,0,0,0,0,0,0,0
CT_739,Arauca,0,0,1,0,0,0,0,0,0,0
CT_740,Amazonas,0,0,1,0,0,0,0,0,0,0
CT_741,Casanare,0,0,1,0,0,0,0,0,0,0
CT_742,Valle del Cauca,0,0,1,0,0,0,0,0,0,0
CT_743,Cesar,0,0,1,0,0,0,0,0,0,0
CT_744,Cesar,0,0,1,0,0,0,0,0,0,0
CT_745,Casanare,0,0,1,0,0,0,0,0,0,0
CT_746,Casanare,0,0,1,0,0,0,0,0,0,0
CT_747,Casanare,0,0,1,0,0,0,0,0,0,0
CT_748,Casanare,0,0,1,0,0,0,0,0,0,0
CT_749,Casanare,0,0,1,0,0,0,0,0,0,0
CT_750,Casanare,0,0,1,0,0,0,0,0,0,0
CT_751,Casanare,0,0,1,0,0,0,0,0,0,0
CT_752,Casanare,0,0,1,0,0,0,0,0,0,0
CT_753,Casanare,0,0,1,0,0,0,0,0,0,0
CT_754,Casanare,0,0,1,0,0,0,0,0,0,0
CT_755,Casanare,0,0,1,0,0,0,0,0,0,0
CT_756,Casanare,0,0,1,0,0,0,0,0,0,0
CT_757,Casanare,0,0,1,0,0,0,0,0,0,0
CT_758,Casanare,0,0,1,0,0,0,0,0,0,0
CT_759,Casanare,0,0,1,0,0,0,0,0,0,0
CT_760,Casanare,0,0,1,0,0,0,0,0,0,0
CT_761,Casanare,0,0,1,0,0,0,0,0,0,0
CT_762,Casanare,0,0,1,0,0,0,0,0,0,0
CT_763,Casanare,0,0,1,0,0,0,0,0,0,0
CT_764,Casanare,0,0,1,0,0,0,0,0,0,0
CT_765,Valle del Cauca,0,0,1,0,0,0,0,0,0,0
CT_766,Meta,0,0,1,0,0,0,0,0,0,0
CT_767,Meta,0,0,1,0,0,0,0,0,0,0
CT_768,Meta,0,0,1,0,0,0,0,0,0,0
CT_769,Meta,0,0,1,0,0,0,0,0,0,0
CT_770,Meta,0,0,1,0,0,0,0,0,0,0
CT_771,Meta,0,0,1,0,0,0,0,0,0,0
CT_772,Meta,0,0,1,0,0,0,0,0,0,0
CT_773,Meta,0,0,1,0,0,0,0,0,0,0
CT_774,Meta,0,0,1,0,0,0,0,0,0,0
CT_775,Meta,0,0,1,0,0,0,0,0,0,0
CT_776,Meta,0,0,1,0,0,0,0,0,0,0
CT_777,Meta,0,0,1,0,0,0,0,0,0,0
CT_778,Meta,0,0,1,0,0,0,0,0,0,0
CT_779,Cundinamarca,0,0,1,0,0,0,0,0,0,0
CT_780,Tolima,0,0,1,0,0,0,0,0,0,0
CT_781,Tolima,0,0,1,0,0,0,0,0,0,0
CT_782,Tolima,0,0,1,0,0,0,0,0,0,0
CT_783,Tolima,0,0,1,0,0,0,0,0,0,0
CT_784,Tolima,0,0,1,0,0,0,0,0,0,0
CT_785,Tolima,0,0,1,0,0,0,0,0,0,0
CT_786,Tolima,0,0,1,0,0,0,0,0,0,0
CT_787,Tolima,0,0,1,0,0,0,0,0,0,0
CT_788,Tolima,0,0,1,0,0,0,0,0,0,0
CT_789,Tolima,0,0,1,0,0,0,0,0,0,0
CT_790,Tolima,0,0,1,0,0,0,0,0,0,0
CT_791,Tolima,0,0,1,0,0,0,0,0,0,0
CT_792,Tolima,0,0,1,0,0,0,0,0,0,0
CT_793,Tolima,0,0,1,0,0,0,0,0,0,0
CT_794,Tolima,0,0,1,0,0,0,0,0,0,0
CT_795,Tolima,0,0,1,0,0,0,0,0,0,0
CT_796,Tolima,0,0,1,0,0,0,0,0,0,0
CT_797,Tolima,0,0,1,0,0,0,0,0,0,0
CT_798,Tolima,0,0,1,0,0,0,0,0,0,0
CT_799,Tolima,0,0,1,0,0,0,0,0,0,0
CT_800,Tolima,0,0,1,0,0,0,0,0,0,0
CT_801,Tolima,0,0,1,0,0,0,0,0,0,0
CT_802,Tolima,0,0,1,0,0,0,0,0,0,0
CT_803,Tolima,0,0,1,0,0,0,0,0,0,0
CT_804,Tolima,0,0,1,0,0,0,0,0,0,0
CT_805,Tolima,0,0,1,0,0,0,0,0,0,0
CT_806,Tolima,0,0,1,0,0,0,0,0,0,0
CT_807,Tolima,0,0,1,0,0,0,0,0,0,0
CT_808,Tolima,0,0,1,0,0,0,0,0,0,0
CT_809,Tolima,0,0,1,0,0,0,0,0,0,0
CT_810,Tolima,0,0,1,0,0,0,0,0,0,0
CT_811,Tolima,0,0,1,0,0,0,0,0,0,0
CT_812,Tolima,0,0,1,0,0,0,0,0,0,0
CT_813,Tolima,0,0,1,0,0,0,0,0,0,0
CT_814,Tolima,0,0,1,0,0,0,0,0,0,0
CT_815,Tolima,0,0,1,0,0,0,0,0,0,0
CT_816,Tolima,0,0,1,0,0,0,0,0,0,0
CT_817,Tolima,0,0,1,0,0,0,0,0,0,0
CT_818,Tolima,0,0,1,0,0,0,0,0,0,0
CT_819,Tolima,0,0,1,0,0,0,0,0,0,0
CT_820,Cesar,0,0,1,0,0,0,0,0,0,0
CT_821,Cesar,0,0,1,0,0,0,0,0,0,0
CT_822,Cesar,0,0,1,0,0,0,0,0,0,0
CT_823,Cesar,0,0,1,0,0,0,0,0,0,0
CT_824,Cesar,0,0,1,0,0,0,0,0,0,0
CT_825,Cesar,0,0,1,0,0,0,0,0,0,0
CT_826,Cesar,0,0,1,0,0,0,0,0,0,0
CT_827,Cesar,0,0,1,0,0,0,0,0,0,0
CT_828,Cesar,0,0,1,0,0,0,0,0,0,0
CT_829,Cesar,0,0,1,0,0,0,0,0,0,0
CT_830,Cesar,0,0,1,0,0,0,0,0,0,0
CT_831,Cesar,0,0,1,0,0,0,0,0,0,0
CT_832,Cesar,0,0,1,0,0,0,0,0,0,0
CT_833,Cesar,0,0,1,0,0,0,0,0,0,0
CT_834,Cesar,0,0,1,0,0,0,0,0,0,0
CT_835,Cesar,0,0,1,0,0,0,0,0,0,0
CT_836,Cesar,0,0,1,0,0,0,0,0,0,0
CT_837,Cesar,0,0,1,0,0,0,0,0,0,0
CT_838,Cesar,0,0,1,0,0,0,0,0,0,0
CT_839,Cesar,0,0,1,0,0,0,0,0,0,0
CT_840,Cesar,0,0,1,0,0,0,0,0,0,0
CT_841,Cesar,0,0,1,0,0,0,0,0,0,0
CT_842,Cesar,0,0,1,0,0,0,0,0,0,0
CT_843,Tolima,0,0,1,0,0,0,0,0,0,0
CT_844,Tolima,0,0,1,0,0,0,0,0,0,0
CT_845,Tolima,0,0,1,0,0,0,0,0,0,0
CT_846,Tolima,0,0,1,0,0,0,0,0,0,0
CT_847,Tolima,0,0,1,0,0,0,0,0,0,0
CT_848,Tolima,0,0,1,0,0,0,0,0,0,0
CT_849,Tolima,0,0,1,0,0,0,0,0,0,0
CT_850,Tolima,0,0,1,0,0,0,0,0,0,0
CT_851,Tolima,0,0,1,0,0,0,0,0,0,0
CT_852,Tolima,0,0,1,0,0,0,0,0,0,0
CT_853,Tolima,0,0,1,0,0,0,0,0,0,0
CT_854,Tolima,0,0,1,0,0,0,0,0,0,0
CT_855,Tolima,0,0,1,0,0,0,0,0,0,0
CT_856,Tolima,0,0,1,0,0,0,0,0,0,0
CT_857,Tolima,0,0,1,0,0,0,0,0,0,0
CT_858,Bolívar,0,0,1,0,0,0,0,0,0,0
CT_859,Quindío,0,0,1,0,0,0,0,0,0,0
CT_860,La Guajira,0,0,1,0,0,0,0,0,0,0
CT_861,La Guajira,0,0,1,0,0,0,0,0,0,0
CT_862,La Guajira,0,0,1,0,0,0,0,0,0,0
CT_863,La Guajira,0,0,1,0,0,0,0,0,0,0
CT_864,Bolívar,0,0,0,0,0,0,0,0,0,1
CT_865,Vichada,0,0,1,0,0,0,0,0,0,0
CT_866,Vichada,0,0,1,0,0,0,0,0,0,0
CT_867,Valle del Cauca,0,0,1,0,0,0,0,0,0,0
CT_868,Valle del Cauca,0,0,1,0,0,0,0,0,0,0
CT_869,Valle del Cauca,0,0,1,0,0,0,0,0,0,0
CT_870,Valle del Cauca,0,0,1,0,0,0,0,0,0,0
CT_871,Valle del Cauca,0,0,1,0,0,0,0,0,0,0
CT_872,Valle del Cauca,0,0,1,0,0,0,0,0,0,0
CT_873,Valle del Cauca,0,0,1,0,0,0,0,0,0,0
CT_874,Valle del Cauca,0,0,1,0,0,0,0,0,0,0
CT_875,Valle del Cauca,0,0,1,0,0,0,0,0,0,0
CT_876,Valle del Cauca,0,0,1,0,0,0,0,0,0,0
CT_877,Valle del Cauca,0,0,1,0,0,0,0,0,0,0
CT_878,Valle del Cauca,0,0,1,0,0,0,0,0,0,0
CT_879,NA,0,0,0,0,0,0,0,0,0,1
CT_880,Tolima,0,0,1,0,0,0,0,0,0,0
CT_881,Meta,0,0,1,0,0,0,0,0,0,0
CT_882,Meta,0,0,1,0,0,0,0,0,0,0
CT_883,Meta,0,0,1,0,0,0,0,0,0,0
CT_884,Casanare,0,0,1,0,0,0,0,0,0,0
CT_885,Tolima,0,0,1,0,0,0,0,0,0,0
CT_886,Valle del Cauca,0,0,1,0,0,0,0,0,0,0
CT_887,Valle del Cauca,0,0,1,0,0,0,0,0,0,0
CT_888,Valle del Cauca,0,0,1,0,0,0,0,0,0,0
CT_889,Valle del Cauca,0,0,1,0,0,0,0,0,0,0
CT_890,Caldas,0,0,1,0,0,0,0,0,0,0
CT_891,Valle del Cauca,0,0,1,0,0,0,0,0,0,0
CT_892,Valle del Cauca,0,0,1,0,0,0,0,0,0,0
CT_893,Valle del Cauca,0,0,1,0,0,0,0,0,0,0
CT_894,Valle del Cauca,0,0,1,0,0,0,0,0,0,0
CT_895,Valle del Cauca,0,0,1,0,0,0,0,0,0,0
CT_896,Valle del Cauca,0,0,1,0,0,0,0,0,0,0
CT_897,Valle del Cauca,0,0,1,0,0,0,0,0,0,0
CT_898,Valle del Cauca,0,0,1,0,0,0,0,0,0,0
CT_899,Valle del Cauca,0,0,1,0,0,0,0,0,0,0
CT_900,Valle del Cauca,0,0,1,0,0,0,0,0,0,0
CT_901,Valle del Cauca,0,0,1,0,0,0,0,0,0,0
CT_902,Valle del Cauca,0,0,1,0,0,0,0,0,0,0
CT_903,Valle del Cauca,0,0,1,0,0,0,0,0,0,0
CT_904,Caldas,0,0,1,0,0,0,0,0,0,0
CT_905,Tolima,0,0,1,0,0,0,0,0,0,0
CT_906,Valle del Cauca,0,0,1,0,0,0,0,0,0,0
CT_907,Valle del Cauca,0,0,1,0,0,0,0,0,0,0
CT_908,Valle del Cauca,0,0,1,0,0,0,0,0,0,0
CT_909,Valle del Cauca,0,0,1,0,0,0,0,0,0,0
CT_910,Meta,0,0,1,0,0,0,0,0,0,0
CT_911,Cundinamarca,0,0,1,0,0,0,0,0,0,0
CT_912,Meta,0,0,1,0,0,0,0,0,0,0
CT_913,Meta,0,0,1,0,0,0,0,0,0,0
CT_914,Meta,0,0,1,0,0,0,0,0,0,0
CT_915,Meta,0,0,1,0,0,0,0,0,0,0
CT_916,Meta,0,0,1,0,0,0,0,0,0,0
CT_917,Meta,0,0,1,0,0,0,0,0,0,0
CT_918,Meta,0,0,1,0,0,0,0,0,0,0
CT_919,Meta,0,0,1,0,0,0,0,0,0,0
CT_920,Meta,0,0,1,0,0,0,0,0,0,0
CT_921,Meta,0,0,1,0,0,0,0,0,0,0
CT_922,Meta,0,0,1,0,0,0,0,0,0,0
CT_923,Meta,0,0,1,0,0,0,0,0,0,0
CT_924,Meta,0,0,1,0,0,0,0,0,0,0
CT_925,Meta,0,0,1,0,0,0,0,0,0,0
CT_926,Meta,0,0,1,0,0,0,0,0,0,0
CT_927,Meta,0,0,1,0,0,0,0,0,0,0
CT_928,Meta,0,0,1,0,0,0,0,0,0,0
CT_929,Meta,0,0,1,0,0,0,0,0,0,0
CT_930,Meta,0,0,1,0,0,0,0,0,0,0
CT_931,Meta,0,0,1,0,0,0,0,0,0,0
CT_932,Meta,0,0,1,0,0,0,0,0,0,0
CT_933,Meta,0,0,1,0,0,0,0,0,0,0
CT_934,Meta,0,0,1,0,0,0,0,0,0,0
CT_935,Meta,0,0,1,0,0,0,0,0,0,0
CT_936,Meta,0,0,1,0,0,0,0,0,0,0
CT_937,Cundinamarca,0,0,1,0,0,0,0,0,0,0
CT_938,Meta,0,0,1,0,0,0,0,0,0,0
CT_939,Meta,0,0,1,0,0,0,0,0,0,0
CT_940,Meta,0,0,1,0,0,0,0,0,0,0
CT_941,Meta,0,0,1,0,0,0,0,0,0,0
CT_942,Valle del Cauca,0,0,1,0,0,0,0,0,0,0
CT_943,Valle del Cauca,0,0,1,0,0,0,0,0,0,0
CT_944,Valle del Cauca,0,0,1,0,0,0,0,0,0,0
CT_945,Valle del Cauca,0,0,1,0,0,0,0,0,0,0
CT_946,Valle del Cauca,0,0,1,0,0,0,0,0,0,0
CT_947,Valle del Cauca,0,0,1,0,0,0,0,0,0,0
CT_948,Cundinamarca,0,0,1,0,0,0,0,0,0,0
CT_949,Magdalena,0,0,1,0,0,0,0,0,0,0
CT_950,Magdalena,0,0,1,0,0,0,0,0,0,0
CT_951,Magdalena,0,0,1,0,0,0,0,0,0,0
CT_952,Magdalena,0,0,1,0,0,0,0,0,0,0
CT_953,Tolima,0,0,1,0,0,0,0,0,0,0
CT_954,Tolima,0,0,1,0,0,0,0,0,0,0
CT_955,Tolima,0,0,1,0,0,0,0,0,0,0
CT_956,Valle del Cauca,0,0,1,0,0,0,0,0,0,0
CT_957,Valle del Cauca,0,0,1,0,0,0,0,0,0,0
CT_958,Valle del Cauca,0,0,1,0,0,0,0,0,0,0
CT_959,Valle del Cauca,0,0,1,0,0,0,0,0,0,0
CT_960,Valle del Cauca,0,0,1,0,0,0,0,0,0,0
CT_961,Valle del Cauca,0,0,1,0,0,0,0,0,0,0
CT_962,Valle del Cauca,0,0,1,0,0,0,0,0,0,0
CT_963,Valle del Cauca,0,0,1,0,0,0,0,0,0,0
CT_964,Magdalena,0,0,1,0,0,0,0,0,0,0
CT_965,Magdalena,0,0,1,0,0,0,0,0,0,0
CT_966,Magdalena,0,0,1,0,0,0,0,0,0,0
CT_967,Magdalena,0,0,1,0,0,0,0,0,0,0
CT_968,Magdalena,0,0,1,0,0,0,0,0,0,0
CT_969,Magdalena,0,0,1,0,0,0,0,0,0,0
CT_970,Magdalena,0,0,1,0,0,0,0,0,0,0
CT_971,Tolima,0,0,1,0,0,0,0,0,0,0
CT_972,Tolima,0,0,1,0,0,0,0,0,0,0
CT_973,Tolima,0,0,1,0,0,0,0,0,0,0
CT_974,Tolima,0,0,1,0,0,0,0,0,0,0
CT_975,Arauca,0,0,1,0,0,0,0,0,0,0
CT_976,Tolima,0,0,1,0,0,0,0,0,0,0
CT_977,Tolima,0,0,1,0,0,0,0,0,0,0
CT_978,Arauca,0,0,1,0,0,0,0,0,0,0
CT_979,Boyacá,0,0,1,0,0,0,0,0,0,0
CT_980,Boyacá,0,0,1,0,0,0,0,0,0,0
CT_981,Tolima,0,0,1,0,0,0,0,0,0,0
CT_982,Tolima,0,0,1,0,0,0,0,0,0,0
CT_983,Tolima,0,0,1,0,0,0,0,0,0,0
CT_984,Tolima,0,0,1,0,0,0,0,0,0,0
CT_985,Tolima,0,0,1,0,0,0,0,0,0,0
CT_986,Caldas,0,0,1,0,0,0,0,0,0,0
CT_987,Valle del Cauca,0,0,1,0,0,0,0,0,0,0
CT_988,Valle del Cauca,0,0,1,0,0,0,0,0,0,0
CT_989,Valle del Cauca,0,0,1,0,0,0,0,0,0,0
CT_990,Valle del Cauca,0,0,1,0,0,0,0,0,0,0
CT_991,Valle del Cauca,0,0,1,0,0,0,0,0,0,0
CT_992,Valle del Cauca,0,0,1,0,0,0,0,0,0,0
CT_993,Valle del Cauca,0,0,1,0,0,0,0,0,0,0
CT_994,Valle del Cauca,0,0,1,0,0,0,0,0,0,0
CT_995,Valle del Cauca,0,0,1,0,0,0,0,0,0,0
CT_996,Valle del Cauca,0,0,1,0,0,0,0,0,0,0
CT_997,Casanare,0,0,1,0,0,0,0,0,0,0
CT_998,Casanare,0,0,1,0,0,0,0,0,0,0
CT_999,Casanare,0,0,1,0,0,0,0,0,0,0
CT_1000,Casanare,0,0,1,0,0,0,0,0,0,0
CT_1001,Casanare,0,0,1,0,0,0,0,0,0,0
CT_1002,Antioquia,0,0,1,0,0,0,0,0,0,0
CT_1003,Meta,0,0,1,0,0,0,0,0,0,0
CT_1004,Huila,0,0,1,0,0,0,0,0,0,0
CT_1005,Magdalena,0,0,1,0,0,0,0,0,0,0
CT_1006,Magdalena,0,0,1,0,0,0,0,0,0,0
CT_1007,Santander,0,0,1,0,0,0,0,0,0,0
CT_1008,Meta,0,0,1,0,0,0,0,0,0,0
CT_1009,Meta,0,0,1,0,0,0,0,0,0,0
CT_1010,Santander,0,0,1,0,0,0,0,0,0,0
CT_1011,Meta,0,0,1,0,0,0,0,0,0,0
CT_1012,Magdalena,0,0,1,0,0,0,0,0,0,0
CT_1013,Magdalena,0,0,1,0,0,0,0,0,0,0
CT_1014,Magdalena,0,0,1,0,0,0,0,0,0,0
CT_1015,Tolima,0,0,1,0,0,0,0,0,0,0
CT_1016,Vichada,0,0,1,0,0,0,0,0,0,0
CT_1017,Vichada,0,0,1,0,0,0,0,0,0,0
CT_1018,Vichada,0,0,1,0,0,0,0,0,0,0
CT_1019,Vichada,0,0,1,0,0,0,0,0,0,0
CT_1020,Vichada,0,0,1,0,0,0,0,0,0,0
CT_1021,Tolima,0,0,1,0,0,0,0,0,0,0
CT_1022,Tolima,0,0,1,0,0,0,0,0,0,0
CT_1023,Tolima,0,0,1,0,0,0,0,0,0,0
CT_1024,Antioquia,0,0,1,0,0,0,0,0,0,0
CT_1025,Santander,0,0,1,0,0,0,0,0,0,0
CT_1026,Tolima,0,0,1,0,0,0,0,0,0,0
CT_1027,Tolima,0,0,1,0,0,0,0,0,0,0
CT_1028,Tolima,0,0,1,0,0,0,0,0,0,0
CT_1029,Tolima,0,0,1,0,0,0,0,0,0,0
CT_1030,Tolima,0,0,1,0,0,0,0,0,0,0
CT_1031,Upper Takutu-Upper Essequibo,0,0,0,0,0,1,0,0,0,0
CT_1032,Bolívar,0,0,1,0,0,0,0,0,0,0
CT_1033,Caldas,0,0,1,0,0,0,0,0,0,0
CT_1034,Valle del Cauca,0,0,1,0,0,0,0,0,0,0
CT_1035,Risaralda,0,0,1,0,0,0,0,0,0,0
CT_1036,Risaralda,0,0,1,0,0,0,0,0,0,0
CT_1037,Risaralda,0,0,1,0,0,0,0,0,0,0
CT_1038,Risaralda,0,0,1,0,0,0,0,0,0,0
CT_1039,Risaralda,0,0,1,0,0,0,0,0,0,0
CT_1040,Risaralda,0,0,1,0,0,0,0,0,0,0
CT_1041,Risaralda,0,0,1,0,0,0,0,0,0,0
CT_1042,Risaralda,0,0,1,0,0,0,0,0,0,0
CT_1043,Risaralda,0,0,1,0,0,0,0,0,0,0
CT_1044,Risaralda,0,0,1,0,0,0,0,0,0,0
CT_1045,Risaralda,0,0,1,0,0,0,0,0,0,0
CT_1046,Risaralda,0,0,1,0,0,0,0,0,0,0
CT_1047,Risaralda,0,0,1,0,0,0,0,0,0,0
CT_1048,Risaralda,0,0,1,0,0,0,0,0,0,0
CT_1049,Risaralda,0,0,1,0,0,0,0,0,0,0
CT_1050,Risaralda,0,0,1,0,0,0,0,0,0,0
CT_1051,Valle del Cauca,0,0,1,0,0,0,0,0,0,0
CT_1052,Antioquia,0,0,1,0,0,0,0,0,0,0
CT_1053,Valle del Cauca,0,0,1,0,0,0,0,0,0,0
CT_1054,Valle del Cauca,0,0,1,0,0,0,0,0,0,0
CT_1055,Casanare,0,0,1,0,0,0,0,0,0,0
CT_1056,Casanare,0,0,1,0,0,0,0,0,0,0
CT_1057,Casanare,0,0,1,0,0,0,0,0,0,0
CT_1058,Bolívar,0,0,0,0,0,0,0,0,0,1
CT_1059,Antioquia,0,0,1,0,0,0,0,0,0,0
CT_1060,Meta,0,0,1,0,0,0,0,0,0,0
CT_1061,Casanare,0,0,1,0,0,0,0,0,0,0
CT_1062,Antioquia,0,0,1,0,0,0,0,0,0,0
CT_1063,Valle del Cauca,0,0,1,0,0,0,0,0,0,0
CT_1064,Valle del Cauca,0,0,1,0,0,0,0,0,0,0
CT_1065,Valle del Cauca,0,0,1,0,0,0,0,0,0,0
CT_1066,Cesar,0,0,1,0,0,0,0,0,0,0
CT_1067,Risaralda,0,0,1,0,0,0,0,0,0,0
CT_1068,Risaralda,0,0,1,0,0,0,0,0,0,0
CT_1069,Risaralda,0,0,1,0,0,0,0,0,0,0
CT_1070,Risaralda,0,0,1,0,0,0,0,0,0,0
CT_1071,Risaralda,0,0,1,0,0,0,0,0,0,0
CT_1072,Risaralda,0,0,1,0,0,0,0,0,0,0
CT_1073,Risaralda,0,0,1,0,0,0,0,0,0,0
CT_1074,Risaralda,0,0,1,0,0,0,0,0,0,0
CT_1075,Risaralda,0,0,1,0,0,0,0,0,0,0
CT_1076,Risaralda,0,0,1,0,0,0,0,0,0,0
CT_1077,Risaralda,0,0,1,0,0,0,0,0,0,0
CT_1078,Risaralda,0,0,1,0,0,0,0,0,0,0
CT_1079,Risaralda,0,0,1,0,0,0,0,0,0,0
CT_1080,Risaralda,0,0,1,0,0,0,0,0,0,0
CT_1081,Risaralda,0,0,1,0,0,0,0,0,0,0
CT_1082,Risaralda,0,0,1,0,0,0,0,0,0,0
CT_1083,Risaralda,0,0,1,0,0,0,0,0,0,0
CT_1084,Risaralda,0,0,1,0,0,0,0,0,0,0
CT_1085,Risaralda,0,0,1,0,0,0,0,0,0,0
CT_1086,Risaralda,0,0,1,0,0,0,0,0,0,0
CT_1087,Risaralda,0,0,1,0,0,0,0,0,0,0
CT_1088,Risaralda,0,0,1,0,0,0,0,0,0,0
CT_1089,Risaralda,0,0,1,0,0,0,0,0,0,0
CT_1090,Risaralda,0,0,1,0,0,0,0,0,0,0
CT_1091,Antioquia,0,0,1,0,0,0,0,0,0,0
CT_1092,Risaralda,0,0,1,0,0,0,0,0,0,0
CT_1093,Risaralda,0,0,1,0,0,0,0,0,0,0
CT_1094,Risaralda,0,0,1,0,0,0,0,0,0,0
CT_1095,Risaralda,0,0,1,0,0,0,0,0,0,0
CT_1096,Risaralda,0,0,1,0,0,0,0,0,0,0
CT_1097,Risaralda,0,0,1,0,0,0,0,0,0,0
CT_1098,Risaralda,0,0,1,0,0,0,0,0,0,0
CT_1099,Risaralda,0,0,1,0,0,0,0,0,0,0
CT_1100,Risaralda,0,0,1,0,0,0,0,0,0,0
CT_1101,Risaralda,0,0,1,0,0,0,0,0,0,0
CT_1102,Risaralda,0,0,1,0,0,0,0,0,0,0
CT_1103,Risaralda,0,0,1,0,0,0,0,0,0,0
CT_1104,Risaralda,0,0,1,0,0,0,0,0,0,0
CT_1105,Risaralda,0,0,1,0,0,0,0,0,0,0
CT_1106,Risaralda,0,0,1,0,0,0,0,0,0,0
CT_1107,Antioquia,0,0,1,0,0,0,0,0,0,0
CT_1108,Antioquia,0,0,1,0,0,0,0,0,0,0
CT_1109,Pará,0,1,0,0,0,0,0,0,0,0
CT_1110,Caldas,0,0,1,0,0,0,0,0,0,0
CT_1111,Caldas,0,0,1,0,0,0,0,0,0,0
CT_1112,Antioquia,0,0,1,0,0,0,0,0,0,0
CT_1113,Caldas,0,0,1,0,0,0,0,0,0,0
CT_1114,Caldas,0,0,1,0,0,0,0,0,0,0
CT_1115,Caldas,0,0,1,0,0,0,0,0,0,0
CT_1116,Antioquia,0,0,1,0,0,0,0,0,0,0
CT_1117,La Guajira,0,0,1,0,0,0,0,0,0,0
CT_1118,La Guajira,0,0,1,0,0,0,0,0,0,0
CT_1119,La Guajira,0,0,1,0,0,0,0,0,0,0
CT_1120,La Guajira,0,0,1,0,0,0,0,0,0,0
CT_1121,La Guajira,0,0,1,0,0,0,0,0,0,0
CT_1122,La Guajira,0,0,1,0,0,0,0,0,0,0
CT_1123,La Guajira,0,0,1,0,0,0,0,0,0,0
CT_1124,La Guajira,0,0,1,0,0,0,0,0,0,0
CT_1125,La Guajira,0,0,1,0,0,0,0,0,0,0
CT_1126,La Guajira,0,0,1,0,0,0,0,0,0,0
CT_1127,La Guajira,0,0,1,0,0,0,0,0,0,0
CT_1128,La Guajira,0,0,1,0,0,0,0,0,0,0
CT_1129,Apure,0,0,0,0,0,0,0,0,0,1
CT_1130,La Guajira,0,0,1,0,0,0,0,0,0,0
CT_1131,La Guajira,0,0,1,0,0,0,0,0,0,0
CT_1132,La Guajira,0,0,1,0,0,0,0,0,0,0
CT_1133,La Guajira,0,0,1,0,0,0,0,0,0,0
CT_1134,La Guajira,0,0,1,0,0,0,0,0,0,0
CT_1135,La Guajira,0,0,1,0,0,0,0,0,0,0
CT_1136,La Guajira,0,0,1,0,0,0,0,0,0,0
CT_1137,La Guajira,0,0,1,0,0,0,0,0,0,0
CT_1138,La Guajira,0,0,1,0,0,0,0,0,0,0
CT_1139,La Guajira,0,0,1,0,0,0,0,0,0,0
CT_1140,La Guajira,0,0,1,0,0,0,0,0,0,0
CT_1141,Antioquia,0,0,1,0,0,0,0,0,0,0
CT_1142,Caldas,0,0,1,0,0,0,0,0,0,0
CT_1143,La Guajira,0,0,1,0,0,0,0,0,0,0
CT_1144,La Guajira,0,0,1,0,0,0,0,0,0,0
CT_1145,La Guajira,0,0,1,0,0,0,0,0,0,0
CT_1146,La Guajira,0,0,1,0,0,0,0,0,0,0
CT_1147,La Guajira,0,0,1,0,0,0,0,0,0,0
CT_1148,La Guajira,0,0,1,0,0,0,0,0,0,0
CT_1149,La Guajira,0,0,1,0,0,0,0,0,0,0
CT_1150,La Guajira,0,0,1,0,0,0,0,0,0,0
CT_1151,La Guajira,0,0,1,0,0,0,0,0,0,0
CT_1152,La Guajira,0,0,1,0,0,0,0,0,0,0
CT_1153,La Guajira,0,0,1,0,0,0,0,0,0,0
CT_1154,La Guajira,0,0,1,0,0,0,0,0,0,0
CT_1155,La Guajira,0,0,1,0,0,0,0,0,0,0
CT_1156,La Guajira,0,0,1,0,0,0,0,0,0,0
CT_1157,La Guajira,0,0,1,0,0,0,0,0,0,0
CT_1158,La Guajira,0,0,1,0,0,0,0,0,0,0
CT_1159,La Guajira,0,0,1,0,0,0,0,0,0,0
CT_1160,La Guajira,0,0,1,0,0,0,0,0,0,0
CT_1161,La Guajira,0,0,1,0,0,0,0,0,0,0
CT_1162,La Guajira,0,0,1,0,0,0,0,0,0,0
CT_1163,La Guajira,0,0,1,0,0,0,0,0,0,0
CT_1164,La Guajira,0,0,1,0,0,0,0,0,0,0
CT_1165,La Guajira,0,0,1,0,0,0,0,0,0,0
CT_1166,Cundinamarca,0,0,1,0,0,0,0,0,0,0
CT_1167,Chocó,0,0,1,0,0,0,0,0,0,0
CT_1168,Caldas,0,0,1,0,0,0,0,0,0,0
CT_1169,Caldas,0,0,1,0,0,0,0,0,0,0
CT_1170,Antioquia,0,0,1,0,0,0,0,0,0,0
CT_1171,Amazonas,0,0,0,0,0,0,0,0,0,1
CT_1172,NA,0,0,0,0,0,0,0,0,0,1
CT_1173,NA,0,0,0,0,0,0,0,0,0,1
CT_1174,Meta,0,0,1,0,0,0,0,0,0,0
CT_1175,Meta,0,0,1,0,0,0,0,0,0,0
CT_1176,NA,0,0,0,0,0,1,0,0,0,0
CT_1177,Santander,0,0,1,0,0,0,0,0,0,0
CT_1178,Santander,0,0,1,0,0,0,0,0,0,0
CT_1179,Meta,0,0,1,0,0,0,0,0,0,0
CT_1180,Bolivar,0,0,0,0,0,0,0,0,0,1
CT_1181,Tolima,0,0,1,0,0,0,0,0,0,0
CT_1182,Meta,0,0,1,0,0,0,0,0,0,0
CT_1183,Casanare,0,0,1,0,0,0,0,0,0,0
CT_1184,Casanare,0,0,1,0,0,0,0,0,0,0
CT_1185,Casanare,0,0,1,0,0,0,0,0,0,0
CT_1186,Santander,0,0,1,0,0,0,0,0,0,0
CT_1187,Falcon,0,0,0,0,0,0,0,0,0,1
CT_1188,Meta,0,0,1,0,0,0,0,0,0,0
CT_1189,Santander,0,0,1,0,0,0,0,0,0,0
CT_1190,Santander,0,0,1,0,0,0,0,0,0,0
CT_1191,Santander,0,0,1,0,0,0,0,0,0,0
CT_1192,Apure,0,0,0,0,0,0,0,0,0,1
CT_1193,Apure,0,0,0,0,0,0,0,0,0,1
CT_1194,Apure,0,0,0,0,0,0,0,0,0,1
CT_1195,Zulia,0,0,0,0,0,0,0,0,0,1
CT_1196,Apure,0,0,0,0,0,0,0,0,0,1
CT_1197,Apure,0,0,0,0,0,0,0,0,0,1
CT_1198,Bolivar,0,0,0,0,0,0,0,0,0,1
CT_1199,Falcon,0,0,0,0,0,0,0,0,0,1
CT_1200,Monagas,0,0,0,0,0,0,0,0,0,1
CT_1201,Monagas,0,0,0,0,0,0,0,0,0,1
CT_1202,Lara,0,0,0,0,0,0,0,0,0,1
CT_1203,Lara,0,0,0,0,0,0,0,0,0,1
CT_1204,NA,0,0,0,1,0,0,0,0,0,0
CT_1205,Aragua,0,0,0,0,0,0,0,0,0,1
CT_1206,Bolivar,0,0,0,0,0,0,0,0,0,1
CT_1207,Bolivar,0,0,0,0,0,0,0,0,0,1
CT_1208,Bolivar,0,0,0,0,0,0,0,0,0,1
CT_1209,Bolivar,0,0,0,0,0,0,0,0,0,1
CT_1210,Upper Takutu-Upper Essequibo,0,0,0,0,0,1,0,0,0,0
CT_1211,Anzoategui,0,0,0,0,0,0,0,0,0,1
CT_1212,Monagas,0,0,0,0,0,0,0,0,0,1
CT_1213,Amazonas,0,0,0,0,0,0,0,0,0,1
CT_1214,Amazonas,0,0,0,0,0,0,0,0,0,1
CT_1215,Amazonas,0,0,0,0,0,0,0,0,0,1
CT_1216,Amazonas,0,0,0,0,0,0,0,0,0,1
CT_1217,Amazonas,0,0,0,0,0,0,0,0,0,1
CT_1218,Amazonas,0,0,0,0,0,0,0,0,0,1
CT_1219,Amazonas,0,0,0,0,0,0,0,0,0,1
CT_1220,Amazonas,0,0,0,0,0,0,0,0,0,1
CT_1221,Carabobo,0,0,0,0,0,0,0,0,0,1
CT_1222,Falcon,0,0,0,0,0,0,0,0,0,1
CT_1223,Carabobo,0,0,0,0,0,0,0,0,0,1
CT_1224,Carabobo,0,0,0,0,0,0,0,0,0,1
CT_1225,Falcon,0,0,0,0,0,0,0,0,0,1
CT_1226,Carabobo,0,0,0,0,0,0,0,0,0,1
CT_1227,Apure,0,0,0,0,0,0,0,0,0,1
CT_1228,Apure,0,0,0,0,0,0,0,0,0,1
CT_1229,Apure,0,0,0,0,0,0,0,0,0,1
CT_1230,Apure,0,0,0,0,0,0,0,0,0,1
CT_1231,Apure,0,0,0,0,0,0,0,0,0,1
CT_1232,Apure,0,0,0,0,0,0,0,0,0,1
CT_1233,Apure,0,0,0,0,0,0,0,0,0,1
CT_1234,Apure,0,0,0,0,0,0,0,0,0,1
CT_1235,Apure,0,0,0,0,0,0,0,0,0,1
CT_1236,Carabobo,0,0,0,0,0,0,0,0,0,1
CT_1237,Monagas,0,0,0,0,0,0,0,0,0,1
CT_1238,Falcon,0,0,0,0,0,0,0,0,0,1
CT_1239,Miranda,0,0,0,0,0,0,0,0,0,1
CT_1240,Miranda,0,0,0,0,0,0,0,0,0,1
CT_1241,Yaracuy,0,0,0,0,0,0,0,0,0,1
CT_1242,Trujillo,0,0,0,0,0,0,0,0,0,1
CT_1243,Trujillo,0,0,0,0,0,0,0,0,0,1
CT_1244,Falcon,0,0,0,0,0,0,0,0,0,1
CT_1245,Falcon,0,0,0,0,0,0,0,0,0,1
CT_1246,Falcon,0,0,0,0,0,0,0,0,0,1
CT_1247,Apure,0,0,0,0,0,0,0,0,0,1
CT_1248,Apure,0,0,0,0,0,0,0,0,0,1
CT_1249,Trujillo,0,0,0,0,0,0,0,0,0,1
CT_1250,Upper Takutu-Upper Essequibo,0,0,0,0,0,1,0,0,0,0
CT_1251,Upper Takutu-Upper Essequibo,0,0,0,0,0,1,0,0,0,0
CT_1252,Upper Takutu-Upper Essequibo,0,0,0,0,0,1,0,0,0,0
CT_1253,Upper Takutu-Upper Essequibo,0,0,0,0,0,1,0,0,0,0
CT_1254,Upper Takutu-Upper Essequibo,0,0,0,0,0,1,0,0,0,0
CT_1255,Antioquia,0,0,1,0,0,0,0,0,0,0
CT_1256,Aragua,0,0,0,0,0,0,0,0,0,1
CT_1257,Boyacá,0,0,1,0,0,0,0,0,0,0
CT_1258,Cauca,0,0,1,0,0,0,0,0,0,0
CT_1259,Meta,0,0,1,0,0,0,0,0,0,0
CT_1260,Cauca,0,0,1,0,0,0,0,0,0,0
CT_1261,Cauca,0,0,1,0,0,0,0,0,0,0
CT_1262,Cauca,0,0,1,0,0,0,0,0,0,0
CT_1263,Cauca,0,0,1,0,0,0,0,0,0,0
CT_1264,Cauca,0,0,1,0,0,0,0,0,0,0
CT_1265,Cauca,0,0,1,0,0,0,0,0,0,0
CT_1266,Cauca,0,0,1,0,0,0,0,0,0,0
CT_1267,Cauca,0,0,1,0,0,0,0,0,0,0
CT_1268,Cauca,0,0,1,0,0,0,0,0,0,0
CT_1269,Cauca,0,0,1,0,0,0,0,0,0,0
CT_1270,Cundinamarca,0,0,1,0,0,0,0,0,0,0
CT_1271,Cundinamarca,0,0,1,0,0,0,0,0,0,0
CT_1272,Cundinamarca,0,0,1,0,0,0,0,0,0,0
CT_1273,Antioquia,0,0,1,0,0,0,0,0,0,0
CT_1274,Huila,0,0,1,0,0,0,0,0,0,0
CT_1275,Huila,0,0,1,0,0,0,0,0,0,0
CT_1276,Huila,0,0,1,0,0,0,0,0,0,0
CT_1277,Huila,0,0,1,0,0,0,0,0,0,0
CT_1278,Huila,0,0,1,0,0,0,0,0,0,0
CT_1279,Antioquia,0,0,1,0,0,0,0,0,0,0
CT_1280,Antioquia,0,0,1,0,0,0,0,0,0,0
CT_1281,Huila,0,0,1,0,0,0,0,0,0,0
CT_1282,Huila,0,0,1,0,0,0,0,0,0,0
CT_1283,Bolivar,0,0,1,0,0,0,0,0,0,0
CT_1284,Bolivar,0,0,1,0,0,0,0,0,0,0
CT_1285,Cordoba,0,0,1,0,0,0,0,0,0,0
CT_1286,Cordoba,0,0,1,0,0,0,0,0,0,0
CT_1287,Cordoba,0,0,1,0,0,0,0,0,0,0
CT_1288,Cordoba,0,0,1,0,0,0,0,0,0,0
CT_1289,Norte de Santander,0,0,1,0,0,0,0,0,0,0
CT_1290,Norte de Santander,0,0,1,0,0,0,0,0,0,0
CT_1291,Cauca,0,0,1,0,0,0,0,0,0,0
CT_1292,East Demerara-West Coast Berbice,0,0,0,0,0,1,0,0,0,0
CT_1293,"Bogotá, D.C.",0,0,1,0,0,0,0,0,0,0
CT_1294,NA,0,1,0,0,0,0,0,0,0,0
CT_1295,Meta,0,0,1,0,0,0,0,0,0,0
CT_1296,Tolima,0,0,1,0,0,0,0,0,0,0
CT_1297,Para,0,1,0,0,0,0,0,0,0,0
CT_1298,NA,0,0,1,0,0,0,0,0,0,0
CT_1299,Merida,0,0,0,0,0,0,0,0,0,1
CT_1300,Antioquia,0,0,1,0,0,0,0,0,0,0
CT_1301,Antioquia,0,0,1,0,0,0,0,0,0,0
CT_1302,"Bogotá, D.C.",0,0,1,0,0,0,0,0,0,0
CT_1303,NA,0,0,1,0,0,0,0,0,0,0
CT_1304,NA,0,0,1,0,0,0,0,0,0,0
CT_1305,NA,0,0,0,0,0,1,0,0,0,0
CT_1306,Roraima,0,1,0,0,0,0,0,0,0,0
CT_1307,Roraima,0,1,0,0,0,0,0,0,0,0
CT_1308,Cundinamarca,0,0,1,0,0,0,0,0,0,0
CT_1309,Cundinamarca,0,0,1,0,0,0,0,0,0,0
CT_1310,Zulia,0,0,0,0,0,0,0,0,0,1
CT_1311,Zulia,0,0,0,0,0,0,0,0,0,1
CT_1312,Magdalena,0,0,1,0,0,0,0,0,0,0
CT_1313,Magdalena,0,0,1,0,0,0,0,0,0,0
CT_1314,Magdalena,0,0,1,0,0,0,0,0,0,0
CT_1315,NA,0,0,1,0,0,0,0,0,0,0
CT_1316,NA,0,0,1,0,0,0,0,0,0,0
CT_1317,NA,0,0,1,0,0,0,0,0,0,0
CT_1318,NA,0,1,0,0,0,0,0,0,0,0
CT_1319,NA,0,1,0,0,0,0,0,0,0,0
CT_1320,NA,0,0,1,0,0,0,0,0,0,0
CT_1321,NA,0,0,0,0,0,1,0,0,0,0
CT_1322,Santander,0,0,1,0,0,0,0,0,0,0
CT_1323,Antioquia,0,0,1,0,0,0,0,0,0,0
CT_1324,Antioquia,0,0,1,0,0,0,0,0,0,0
CT_1325,Antioquia,0,0,1,0,0,0,0,0,0,0
CT_1326,Antioquia,0,0,1,0,0,0,0,0,0,0
CT_1327,Antioquia,0,0,1,0,0,0,0,0,0,0
CT_1328,Antioquia,0,0,1,0,0,0,0,0,0,0
CT_1329,Antioquia,0,0,1,0,0,0,0,0,0,0
CT_1330,Antioquia,0,0,1,0,0,0,0,0,0,0
CT_1331,Antioquia,0,0,1,0,0,0,0,0,0,0
CT_1332,Antioquia,0,0,1,0,0,0,0,0,0,0
CT_1333,Antioquia,0,0,1,0,0,0,0,0,0,0
CT_1334,Antioquia,0,0,1,0,0,0,0,0,0,0
CT_1335,Antioquia,0,0,1,0,0,0,0,0,0,0
CT_1336,Antioquia,0,0,1,0,0,0,0,0,0,0
CT_1337,Antioquia,0,0,1,0,0,0,0,0,0,0
CT_1338,Antioquia,0,0,1,0,0,0,0,0,0,0
CT_1339,Antioquia,0,0,1,0,0,0,0,0,0,0
CT_1340,Antioquia,0,0,1,0,0,0,0,0,0,0
CT_1341,Antioquia,0,0,1,0,0,0,0,0,0,0
CT_1342,Antioquia,0,0,1,0,0,0,0,0,0,0
CT_1343,Antioquia,0,0,1,0,0,0,0,0,0,0
CT_1344,Antioquia,0,0,1,0,0,0,0,0,0,0
CT_1345,Antioquia,0,0,1,0,0,0,0,0,0,0
CT_1346,Antioquia,0,0,1,0,0,0,0,0,0,0
CT_1347,Antioquia,0,0,1,0,0,0,0,0,0,0
CT_1348,Antioquia,0,0,1,0,0,0,0,0,0,0
CT_1349,Antioquia,0,0,1,0,0,0,0,0,0,0
CT_1350,Antioquia,0,0,1,0,0,0,0,0,0,0
CT_1351,Antioquia,0,0,1,0,0,0,0,0,0,0
CT_1352,Antioquia,0,0,1,0,0,0,0,0,0,0
CT_1353,Antioquia,0,0,1,0,0,0,0,0,0,0
CT_1354,Antioquia,0,0,1,0,0,0,0,0,0,0
CT_1355,Antioquia,0,0,1,0,0,0,0,0,0,0
CT_1356,Antioquia,0,0,1,0,0,0,0,0,0,0
CT_1357,Antioquia,0,0,1,0,0,0,0,0,0,0
CT_1358,Antioquia,0,0,1,0,0,0,0,0,0,0
CT_1359,Antioquia,0,0,1,0,0,0,0,0,0,0
CT_1360,Antioquia,0,0,1,0,0,0,0,0,0,0
CT_1361,Antioquia,0,0,1,0,0,0,0,0,0,0
CT_1362,Antioquia,0,0,1,0,0,0,0,0,0,0
CT_1363,Antioquia,0,0,1,0,0,0,0,0,0,0
CT_1364,Antioquia,0,0,1,0,0,0,0,0,0,0
CT_1365,Antioquia,0,0,1,0,0,0,0,0,0,0
CT_1366,Antioquia,0,0,1,0,0,0,0,0,0,0
CT_1367,Antioquia,0,0,1,0,0,0,0,0,0,0
CT_1368,Antioquia,0,0,1,0,0,0,0,0,0,0
CT_1369,Antioquia,0,0,1,0,0,0,0,0,0,0
CT_1370,Antioquia,0,0,1,0,0,0,0,0,0,0
CT_1371,Antioquia,0,0,1,0,0,0,0,0,0,0
CT_1372,NA,0,0,0,0,0,0,0,0,0,1
CT_1373,NA,0,0,0,0,0,0,0,0,0,1
CT_1374,NA,0,0,0,0,0,0,0,0,0,1
CT_1375,NA,0,0,0,0,0,0,0,0,0,1
CT_1376,Meta,0,0,1,0,0,0,0,0,0,0
CT_1377,NA,0,1,0,0,0,0,0,0,0,0
CT_1378,Meta,0,0,1,0,0,0,0,0,0,0
CT_1379,Meta,0,0,1,0,0,0,0,0,0,0
CT_1380,Cundinamarca,0,0,1,0,0,0,0,0,0,0
CT_1381,Cundinamarca,0,0,1,0,0,0,0,0,0,0
CT_1382,Cundinamarca,0,0,1,0,0,0,0,0,0,0
CT_1383,Tachira,0,0,0,0,0,0,0,0,0,1
CT_1384,Cundinamarca,0,0,1,0,0,0,0,0,0,0
CT_1385,Amazonas,0,0,0,0,0,0,0,0,0,1
CT_1386,Meta,0,0,1,0,0,0,0,0,0,0
CT_1387,Santander,0,0,1,0,0,0,0,0,0,0
CT_1388,Santander,0,0,1,0,0,0,0,0,0,0
CT_1389,Santander,0,0,1,0,0,0,0,0,0,0
CT_1390,Guarico,0,0,0,0,0,0,0,0,0,1
CT_1391,Merida,0,0,0,0,0,0,0,0,0,1
CT_1392,Vichada,0,0,1,0,0,0,0,0,0,0
CT_1393,Caldas,0,0,1,0,0,0,0,0,0,0
CT_1394,Cundinamarca,0,0,1,0,0,0,0,0,0,0
CT_1395,Chocó,0,0,1,0,0,0,0,0,0,0
CT_1396,"Bogotá, D.C.",0,0,1,0,0,0,0,0,0,0
CT_1397,Meta,0,0,1,0,0,0,0,0,0,0
CT_1398,"Bogotá, D.C.",0,0,1,0,0,0,0,0,0,0
CT_1399,"Bogotá, D.C.",0,0,1,0,0,0,0,0,0,0
CT_1400,"Bogotá, D.C.",0,0,1,0,0,0,0,0,0,0
CT_1401,"Bogotá, D.C.",0,0,1,0,0,0,0,0,0,0
CT_1402,"Bogotá, D.C.",0,0,1,0,0,0,0,0,0,0
CT_1403,"Bogotá, D.C.",0,0,1,0,0,0,0,0,0,0
LC_1404,Cotopaxi,0,0,0,1,0,0,0,0,0,0
LC_1405,Cotopaxi,0,0,0,1,0,0,0,0,0,0
LC_1406,Pichincha,0,0,0,1,0,0,0,0,0,0
LC_1407,Cotopaxi,0,0,0,1,0,0,0,0,0,0
LC_1408,Junín,0,0,0,0,0,0,0,1,0,0
LC_1409,Lima,0,0,0,0,0,0,0,1,0,0
LC_1410,Cotopaxi,0,0,0,1,0,0,0,0,0,0
LC_1411,Napo,0,0,0,1,0,0,0,0,0,0
LC_1412,Pichincha,0,0,0,1,0,0,0,0,0,0
LC_1413,Napo,0,0,0,1,0,0,0,0,0,0
LC_1414,Cotopaxi,0,0,0,1,0,0,0,0,0,0
LC_1415,Cotopaxi,0,0,0,1,0,0,0,0,0,0
LC_1416,Cotopaxi,0,0,0,1,0,0,0,0,0,0
LC_1417,Napo,0,0,0,1,0,0,0,0,0,0
LC_1418,Imbabura,0,0,0,1,0,0,0,0,0,0
LC_1419,Cotopaxi,0,0,0,1,0,0,0,0,0,0
LC_1420,Pastaza,0,0,0,1,0,0,0,0,0,0
LC_1421,Lima Province,0,0,0,0,0,0,0,1,0,0
LC_1422,Cotopaxi,0,0,0,1,0,0,0,0,0,0
LC_1423,Pichincha,0,0,0,1,0,0,0,0,0,0
LC_1424,Napo,0,0,0,1,0,0,0,0,0,0
LC_1425,Napo,0,0,0,1,0,0,0,0,0,0
LC_1426,Pichincha,0,0,0,1,0,0,0,0,0,0
LC_1427,Cotopaxi,0,0,0,1,0,0,0,0,0,0
LC_1428,Cotopaxi,0,0,0,1,0,0,0,0,0,0
LC_1429,Cotopaxi,0,0,0,1,0,0,0,0,0,0
LC_1430,Napo,0,0,0,1,0,0,0,0,0,0
LC_1431,Napo,0,0,0,1,0,0,0,0,0,0
LC_1432,Azuay,0,0,0,1,0,0,0,0,0,0
LC_1433,Azuay,0,0,0,1,0,0,0,0,0,0
LC_1434,Pichincha,0,0,0,1,0,0,0,0,0,0
LC_1435,Pichincha,0,0,0,1,0,0,0,0,0,0
LC_1436,Napo,0,0,0,1,0,0,0,0,0,0
LC_1437,Pichincha,0,0,0,1,0,0,0,0,0,0
LC_1438,Napo,0,0,0,1,0,0,0,0,0,0
LC_1439,Pichincha,0,0,0,1,0,0,0,0,0,0
LC_1440,Cotopaxi,0,0,0,1,0,0,0,0,0,0
LC_1441,Napo,0,0,0,1,0,0,0,0,0,0
LC_1442,Cotopaxi,0,0,0,1,0,0,0,0,0,0
LC_1443,Pichincha,0,0,0,1,0,0,0,0,0,0
LC_1444,Napo,0,0,0,1,0,0,0,0,0,0
LC_1445,Carchi,0,0,0,1,0,0,0,0,0,0
LC_1446,Pichincha,0,0,0,1,0,0,0,0,0,0
LC_1447,Cotopaxi,0,0,0,1,0,0,0,0,0,0
LC_1448,Pichincha,0,0,0,1,0,0,0,0,0,0
LC_1449,Pichincha,0,0,0,1,0,0,0,0,0,0
LC_1450,Chimborazo,0,0,0,1,0,0,0,0,0,0
LC_1451,Cotopaxi,0,0,0,1,0,0,0,0,0,0
LC_1452,Junín,0,0,0,0,0,0,0,1,0,0
LC_1453,Pichincha,0,0,0,1,0,0,0,0,0,0
LC_1454,Cotopaxi,0,0,0,1,0,0,0,0,0,0
LC_1455,Pichincha,0,0,0,1,0,0,0,0,0,0
LC_1456,Cotopaxi,0,0,0,1,0,0,0,0,0,0
LC_1457,Pichincha,0,0,0,1,0,0,0,0,0,0
LC_1458,Cotopaxi,0,0,0,1,0,0,0,0,0,0
LC_1459,Napo,0,0,0,1,0,0,0,0,0,0
LC_1460,Pichincha,0,0,0,1,0,0,0,0,0,0
LC_1461,Napo,0,0,0,1,0,0,0,0,0,0
LC_1462,Napo,0,0,0,1,0,0,0,0,0,0
LC_1463,Napo,0,0,0,1,0,0,0,0,0,0
LC_1464,Pichincha,0,0,0,1,0,0,0,0,0,0
LC_1465,Loja,0,0,0,1,0,0,0,0,0,0
LC_1466,Pichincha,0,0,0,1,0,0,0,0,0,0
LC_1467,Cotopaxi,0,0,0,1,0,0,0,0,0,0
LC_1468,Morona Santiago,0,0,0,1,0,0,0,0,0,0
LC_1469,Cotopaxi,0,0,0,1,0,0,0,0,0,0
LC_1470,Lima,0,0,0,0,0,0,0,1,0,0
LC_1471,NA,0,0,0,0,0,0,0,1,0,0
LC_1472,Napo,0,0,0,1,0,0,0,0,0,0
LC_1473,Pichincha,0,0,0,1,0,0,0,0,0,0
LC_1474,Pichincha,0,0,0,1,0,0,0,0,0,0
LC_1475,Imbabura,0,0,0,1,0,0,0,0,0,0
LC_1476,Pichincha,0,0,0,1,0,0,0,0,0,0
LC_1477,NA,0,0,0,1,0,0,0,0,0,0
LC_1478,Pichincha,0,0,0,1,0,0,0,0,0,0
LC_1479,Napo,0,0,0,1,0,0,0,0,0,0
LC_1480,NA,0,0,0,1,0,0,0,0,0,0
LC_1481,Pichincha,0,0,0,1,0,0,0,0,0,0
LC_1482,Napo,0,0,0,1,0,0,0,0,0,0
LC_1483,Napo,0,0,0,1,0,0,0,0,0,0
LC_1484,Napo,0,0,0,1,0,0,0,0,0,0
LC_1485,Huánuco,0,0,0,0,0,0,0,1,0,0
LC_1486,Imbabura,0,0,0,1,0,0,0,0,0,0
LC_1487,Pichincha,0,0,0,1,0,0,0,0,0,0
LC_1488,Pichincha,0,0,0,1,0,0,0,0,0,0
LC_1489,Pichincha,0,0,0,1,0,0,0,0,0,0
LC_1490,Pichincha,0,0,0,1,0,0,0,0,0,0
LC_1491,Cotopaxi,0,0,0,1,0,0,0,0,0,0
LC_1492,Napo,0,0,0,1,0,0,0,0,0,0
LC_1493,Napo,0,0,0,1,0,0,0,0,0,0
LC_1494,Azuay,0,0,0,1,0,0,0,0,0,0
LC_1495,Napo,0,0,0,1,0,0,0,0,0,0
LC_1496,Napo,0,0,0,1,0,0,0,0,0,0
LC_1497,Pichincha,0,0,0,1,0,0,0,0,0,0
LC_1498,Napo,0,0,0,1,0,0,0,0,0,0
LC_1499,Napo,0,0,0,1,0,0,0,0,0,0
LC_1500,Imbabura,0,0,0,1,0,0,0,0,0,0
LC_1501,Nariño,0,0,1,0,0,0,0,0,0,0
LC_1502,Imbabura,0,0,0,1,0,0,0,0,0,0
LC_1503,NA,0,0,0,0,0,0,0,1,0,0
LC_1504,Cotopaxi,0,0,0,1,0,0,0,0,0,0
LC_1505,Junín,0,0,0,0,0,0,0,1,0,0
LC_1506,Amazonas,0,0,0,0,0,0,0,1,0,0
LC_1507,Napo,0,0,0,1,0,0,0,0,0,0
LC_1508,Lima,0,0,0,0,0,0,0,1,0,0
LC_1509,Lima,0,0,0,0,0,0,0,1,0,0
LC_1510,Zamora Chinchipe,0,0,0,1,0,0,0,0,0,0
LC_1511,Cotopaxi,0,0,0,1,0,0,0,0,0,0
LC_1512,Pichincha,0,0,0,1,0,0,0,0,0,0
LC_1513,Carchi,0,0,0,1,0,0,0,0,0,0
LC_1514,Napo,0,0,0,1,0,0,0,0,0,0
LC_1515,Junín,0,0,0,0,0,0,0,1,0,0
LC_1516,Napo,0,0,0,1,0,0,0,0,0,0
LC_1517,Napo,0,0,0,1,0,0,0,0,0,0
LC_1518,Cotopaxi,0,0,0,1,0,0,0,0,0,0
LC_1519,Cotopaxi,0,0,0,1,0,0,0,0,0,0
LC_1520,Imbabura,0,0,0,1,0,0,0,0,0,0
LC_1521,Carchi,0,0,0,1,0,0,0,0,0,0
LC_1522,Loja,0,0,0,1,0,0,0,0,0,0
LC_1523,Napo,0,0,0,1,0,0,0,0,0,0
LC_1524,NA,0,0,0,1,0,0,0,0,0,0
LC_1525,Napo,0,0,0,1,0,0,0,0,0,0
LC_1526,Napo,0,0,0,1,0,0,0,0,0,0
LC_1527,Pichincha,0,0,0,1,0,0,0,0,0,0
LC_1528,Pichincha,0,0,0,1,0,0,0,0,0,0
LC_1529,Napo,0,0,0,1,0,0,0,0,0,0
LC_1530,Napo,0,0,0,1,0,0,0,0,0,0
LC_1531,Chimborazo,0,0,0,1,0,0,0,0,0,0
LC_1532,Napo,0,0,0,1,0,0,0,0,0,0
LC_1533,Piura,0,0,0,0,0,0,0,1,0,0
LC_1534,Huanuco,0,0,0,0,0,0,0,1,0,0
LC_1535,Tungurahua,0,0,0,1,0,0,0,0,0,0
LC_1536,Lima,0,0,0,0,0,0,0,1,0,0
LC_1537,La Libertad,0,0,0,0,0,0,0,1,0,0
LC_1538,Narino,0,0,1,0,0,0,0,0,0,0
LC_1539,Piura,0,0,0,0,0,0,0,1,0,0
LC_1540,Piura,0,0,0,0,0,0,0,1,0,0
LC_1541,Napo-Tungurahua,0,0,0,1,0,0,0,0,0,0
LC_1542,Pichincha,0,0,0,1,0,0,0,0,0,0
LC_1543,Pasco,0,0,0,0,0,0,0,1,0,0
LC_1544,La Libertad,0,0,0,0,0,0,0,1,0,0
UC_1545,Herrera,0,0,0,0,0,0,1,0,0,0
UC_1546,Boyacá,0,0,1,0,0,0,0,0,0,0
UC_1547,Cundinamarca,0,0,1,0,0,0,0,0,0,0
UC_1548,Cundinamarca,0,0,1,0,0,0,0,0,0,0
UC_1549,NA,0,0,1,0,0,0,0,0,0,0
UC_1550,NA,0,0,1,0,0,0,0,0,0,0
UC_1551,Antioquia,0,0,1,0,0,0,0,0,0,0
UC_1552,Antioquia,0,0,1,0,0,0,0,0,0,0
UC_1553,Antioquia,0,0,1,0,0,0,0,0,0,0
UC_1554,Antioquia,0,0,1,0,0,0,0,0,0,0
UC_1555,Boyacá,0,0,1,0,0,0,0,0,0,0
UC_1556,Boyacá,0,0,1,0,0,0,0,0,0,0
UC_1557,Boyacá,0,0,1,0,0,0,0,0,0,0
UC_1558,Huila,0,0,1,0,0,0,0,0,0,0
UC_1559,Bolívar,0,0,1,0,0,0,0,0,0,0
UC_1560,NA,0,0,0,0,0,0,0,0,0,1
UC_1561,Lara,0,0,0,0,0,0,0,0,0,1
UC_1562,Sucre,0,0,0,0,0,0,0,0,0,1
UC_1563,Norte de Santander,0,0,1,0,0,0,0,0,0,0
UC_1564,NA,0,0,0,0,0,0,1,0,0,0
UC_1565,Cundinamarca,0,0,1,0,0,0,0,0,0,0
UC_1566,Cundinamarca,0,0,1,0,0,0,0,0,0,0
UC_1567,Antioquia,0,0,1,0,0,0,0,0,0,0
UC_1568,Antioquia,0,0,1,0,0,0,0,0,0,0
UC_1569,Antioquia,0,0,1,0,0,0,0,0,0,0
UC_1570,Antioquia,0,0,1,0,0,0,0,0,0,0
UC_1571,Antioquia,0,0,1,0,0,0,0,0,0,0
UC_1572,Antioquia,0,0,1,0,0,0,0,0,0,0
UC_1573,Zulia,0,0,0,0,0,0,0,0,0,1
UC_1574,Zulia,0,0,0,0,0,0,0,0,0,1
AM_1575,Madre de Dios,0,0,0,0,0,0,0,1,0,0
AM_1576,Madre de Dios,0,0,0,0,0,0,0,1,0,0
AM_1577,Orellana,0,0,0,1,0,0,0,0,0,0
AM_1578,Caquetá,0,0,1,0,0,0,0,0,0,0
AM_1579,Caquetá,0,0,1,0,0,0,0,0,0,0
AM_1580,Caquetá,0,0,1,0,0,0,0,0,0,0
AM_1581,Amazonas,0,0,1,0,0,0,0,0,0,0
AM_1582,Amazonas,0,0,1,0,0,0,0,0,0,0
AM_1583,Amazonas,0,0,1,0,0,0,0,0,0,0
AM_1584,Caquetá,0,0,1,0,0,0,0,0,0,0
AM_1585,Loreto,0,0,0,0,0,0,0,1,0,0
AM_1586,Caquetá,0,0,1,0,0,0,0,0,0,0
AM_1587,Caquetá,0,0,1,0,0,0,0,0,0,0
AM_1588,Caquetá,0,0,1,0,0,0,0,0,0,0
AM_1589,Caquetá,0,0,1,0,0,0,0,0,0,0
AM_1590,Caquetá,0,0,1,0,0,0,0,0,0,0
AM_1591,Caquetá,0,0,1,0,0,0,0,0,0,0
AM_1592,Caquetá,0,0,1,0,0,0,0,0,0,0
AM_1593,Caquetá,0,0,1,0,0,0,0,0,0,0
AM_1594,Caquetá,0,0,1,0,0,0,0,0,0,0
AM_1595,Caquetá,0,0,1,0,0,0,0,0,0,0
AM_1596,Caquetá,0,0,1,0,0,0,0,0,0,0
AM_1597,Sucumbios,0,0,0,1,0,0,0,0,0,0
AM_1598,Amazonas,0,0,1,0,0,0,0,0,0,0
AM_1599,Amazonas,0,0,1,0,0,0,0,0,0,0
AM_1600,Amazonas,0,0,1,0,0,0,0,0,0,0
AM_1601,Amazonas,0,0,1,0,0,0,0,0,0,0
AM_1602,Amazonas,0,0,1,0,0,0,0,0,0,0
AM_1603,Amazonas,0,0,1,0,0,0,0,0,0,0
AM_1604,Amazonas,0,0,1,0,0,0,0,0,0,0
AM_1605,Amazonas,0,0,1,0,0,0,0,0,0,0
AM_1606,Amazonas,0,0,1,0,0,0,0,0,0,0
AM_1607,Loreto,0,0,0,0,0,0,0,1,0,0
AM_1608,Meta,0,0,1,0,0,0,0,0,0,0
AM_1609,Orellana,0,0,0,1,0,0,0,0,0,0
AM_1610,Madre de Dios,0,0,0,0,0,0,0,1,0,0
AM_1611,Ucayali,0,0,0,0,0,0,0,1,0,0
AM_1612,Madre de Dios,0,0,0,0,0,0,0,1,0,0
AM_1613,Madre de Dios,0,0,0,0,0,0,0,1,0,0
AM_1614,NA,0,0,0,0,0,0,0,1,0,0
AM_1615,NA,0,0,0,0,0,0,0,1,0,0
AM_1616,NA,1,0,0,0,0,0,0,0,0,0
AM_1617,NA,0,0,0,0,0,0,0,1,0,0
AM_1618,NA,1,0,0,0,0,0,0,0,0,0
AM_1619,Ucayali,0,0,0,0,0,0,0,1,0,0
AM_1620,Amazonas,0,0,0,0,0,0,0,1,0,0
AM_1621,Loreto,0,0,0,0,0,0,0,1,0,0
AM_1622,Loreto,0,0,0,0,0,0,0,1,0,0
AM_1623,Loreto,0,0,0,0,0,0,0,1,0,0
AM_1624,Ucayali,0,0,0,0,0,0,0,1,0,0
AM_1625,Ucayali,0,0,0,0,0,0,0,1,0,0
AM_1626,Loreto,0,0,0,0,0,0,0,1,0,0
AM_1627,Madre de Dios,0,0,0,0,0,0,0,1,0,0
AM_1628,Madre de Dios,0,0,0,0,0,0,0,1,0,0
AM_1629,NA,0,0,0,1,0,0,0,0,0,0
AM_1630,NA,0,0,0,0,0,0,0,1,0,0
AM_1631,Caquetá,0,0,1,0,0,0,0,0,0,0
AM_1632,Meta,0,0,1,0,0,0,0,0,0,0
SV_1633,Vichada,0,0,1,0,0,0,0,0,0,0
SV_1634,Para,0,0,0,0,0,0,0,0,1,0
SV_1635,Orellana,0,0,0,1,0,0,0,0,0,0
SV_1636,NA,0,0,0,0,0,0,0,0,1,0
SV_1637,Meta,0,0,1,0,0,0,0,0,0,0
SV_1638,Putumayo,0,0,1,0,0,0,0,0,0,0
SV_1639,Vaupés,0,0,1,0,0,0,0,0,0,0
SV_1640,Meta,0,0,1,0,0,0,0,0,0,0
SV_1641,Meta,0,0,1,0,0,0,0,0,0,0
SV_1642,Meta,0,0,1,0,0,0,0,0,0,0
SV_1643,Meta,0,0,1,0,0,0,0,0,0,0
SV_1644,Meta,0,0,1,0,0,0,0,0,0,0
SV_1645,Caquetá,0,0,1,0,0,0,0,0,0,0
SV_1646,Caquetá,0,0,1,0,0,0,0,0,0,0
SV_1647,Caquetá,0,0,1,0,0,0,0,0,0,0
SV_1648,Valle del Cauca,0,0,1,0,0,0,0,0,0,0
SV_1649,Vichada,0,0,1,0,0,0,0,0,0,0
SV_1650,Caquetá,0,0,1,0,0,0,0,0,0,0
SV_1651,Vichada,0,0,1,0,0,0,0,0,0,0
SV_1652,Brokopondo,0,0,0,0,0,0,0,0,1,0
SV_1653,Brokopondo,0,0,0,0,0,0,0,0,1,0
SV_1654,NA,0,0,0,0,0,0,0,0,1,0
SV_1655,NA,0,0,0,0,0,0,0,0,1,0
SV_1656,NA,0,0,0,0,0,0,0,0,1,0
SV_1657,Vichada,0,0,1,0,0,0,0,0,0,0
SV_1658,Meta,0,0,1,0,0,0,0,0,0,0
SV_1659,Pastaza,0,0,0,1,0,0,0,0,0,0
SV_1660,Meta,0,0,1,0,0,0,0,0,0,0
SV_1661,NA,0,0,0,0,1,0,0,0,0,0
SV_1662,NA,0,0,0,0,1,0,0,0,0,0
SV_1663,Guyane française,0,0,0,0,1,0,0,0,0,0
SV_1664,Guyane française,0,0,0,0,1,0,0,0,0,0
SV_1665,Guyane française,0,0,0,0,1,0,0,0,0,0
SV_1666,Guyane française,0,0,0,0,1,0,0,0,0,0
SV_1667,Guyane française,0,0,0,0,1,0,0,0,0,0
SV_1668,Guyane française,0,0,0,0,1,0,0,0,0,0
SV_1669,Guyane française,0,0,0,0,1,0,0,0,0,0
SV_1670,Guyane française,0,0,0,0,1,0,0,0,0,0
SV_1671,Guyane française,0,0,0,0,1,0,0,0,0,0
SV_1672,Guyane française,0,0,0,0,1,0,0,0,0,0
SV_1673,Guyane française,0,0,0,0,1,0,0,0,0,0
SV_1674,NA,0,0,0,0,0,1,0,0,0,0
SV_1675,Guyane française,0,0,0,0,1,0,0,0,0,0
SV_1676,Guyane française,0,0,0,0,1,0,0,0,0,0
SV_1677,NA,0,0,0,0,0,1,0,0,0,0
SV_1678,NA,0,0,0,0,0,0,0,1,0,0
SV_1679,NA,0,0,0,0,0,0,0,1,0,0
SV_1680,Amazonas,0,0,0,0,0,0,0,1,0,0
SV_1681,Para,0,1,0,0,0,0,0,0,0,0
SV_1682,NA,0,0,0,0,0,1,0,0,0,0
SV_1683,NA,0,0,0,0,0,1,0,0,0,0
SV_1684,NA,0,0,0,0,0,1,0,0,0,0
SV_1685,Meta,0,0,1,0,0,0,0,0,0,0
SV_1686,Cusco,0,0,0,0,0,0,0,1,0,0
SV_1687,Loreto,0,0,0,0,0,0,0,1,0,0
SV_1688,Ucayali,0,0,0,0,0,0,0,1,0,0
SV_1689,Loreto,0,0,0,0,0,0,0,1,0,0
SV_1690,Darien,0,0,0,0,0,0,1,0,0,0
SV_1691,Darien,0,0,0,0,0,0,1,0,0,0
SV_1692,PanamÃ¡,0,0,0,0,0,0,1,0,0,0
SV_1693,Cundinamarca,0,0,1,0,0,0,0,0,0,0
SV_1694,Bolivar,0,0,1,0,0,0,0,0,0,0
SV_1695,Santa Marta,0,0,1,0,0,0,0,0,0,0
SV_1696,Amazonas,0,1,0,0,0,0,0,0,0,0
SV_1697,ParÃ¡,0,1,0,0,0,0,0,0,0,0
SV_1698,Darien,0,0,0,0,0,0,1,0,0,0
SV_1699,Darien,0,0,0,0,0,0,1,0,0,0
SV_1700,Darien,0,0,0,0,0,0,1,0,0,0
SV_1701,Meta,0,0,1,0,0,0,0,0,0,0
SV_1702,Amazonas,0,0,0,0,0,0,0,1,0,0
SV_1703,ParÃ¡,0,1,0,0,0,0,0,0,0,0
SV_1704,ParÃ¡,0,1,0,0,0,0,0,0,0,0
SV_1705,AmapÃ¡,0,1,0,0,0,0,0,0,0,0
SV_1706,AmapÃ¡,0,1,0,0,0,0,0,0,0,0
SV_1707,ParÃ¡,0,1,0,0,0,0,0,0,0,0
SV_1708,ParÃ¡,0,1,0,0,0,0,0,0,0,0
SV_1709,ParÃ¡,0,1,0,0,0,0,0,0,0,0
SV_1710,ParÃ¡,0,1,0,0,0,0,0,0,0,0
SV_1711,ParÃ¡,0,1,0,0,0,0,0,0,0,0
SV_1712,ParÃ¡,0,1,0,0,0,0,0,0,0,0
SV_1713,Roraima,0,1,0,0,0,0,0,0,0,0
SV_1714,NA,0,0,1,0,0,0,0,0,0,0
SV_1715,La ConvenciÃ³n,0,0,0,0,0,0,0,1,0,0
SV_1716,Pastaza,0,0,0,1,0,0,0,0,0,0
SV_1717,Vichada,0,0,1,0,0,0,0,0,0,0
SV_1718,Amazonas,0,0,1,0,0,0,0,0,0,0
SV_1719,Vichada,0,0,1,0,0,0,0,0,0,0
SV_1720,NA,0,0,1,0,0,0,0,0,0,0
SV_1721,NA,0,0,1,0,0,0,0,0,0,0
SV_1722,NA,0,0,1,0,0,0,0,0,0,0
SV_1723,NA,0,0,1,0,0,0,0,0,0,0
SV_1724,NA,0,0,1,0,0,0,0,0,0,0
SV_1725,NA,0,0,1,0,0,0,0,0,0,0
SV_1726,Loreto,0,0,0,0,0,0,0,1,0,0
SV_1727,NA,0,0,1,0,0,0,0,0,0,0
SV_1728,NA,0,0,1,0,0,0,0,0,0,0
SV_1729,Loreto,0,0,0,0,0,0,0,1,0,0
SV_1730,Carchi,0,0,0,1,0,0,0,0,0,0
SV_1731,Ucayali,0,0,0,0,0,0,0,1,0,0
SV_1732,Meta,0,0,1,0,0,0,0,0,0,0
SV_1733,ParÃ¡,0,1,0,0,0,0,0,0,0,0
SV_1734,NA,0,0,0,0,0,1,0,0,0,0
SV_1735,NA,0,0,0,0,0,1,0,0,0,0
SV_1736,Bolivar,0,0,0,0,0,0,0,0,0,1
SV_1737,NA,0,0,0,0,0,1,0,0,0,0
SV_1738,NA,0,0,0,0,0,1,0,0,0,0
SV_1739,NA,0,0,0,0,0,1,0,0,0,0
SV_1740,Bolivar,0,0,0,0,0,0,0,0,0,1
SV_1741,Corabobo,0,0,0,0,0,0,0,0,0,1
SV_1742,Miranda,0,0,0,0,0,0,0,0,0,1
SV_1743,Bolivar,0,0,0,0,0,0,0,0,0,1
SV_1744,Antioquia,0,0,1,0,0,0,0,0,0,0
SV_1745,Bolivar,0,0,0,0,0,0,0,0,0,1
SV_1746,Antioquia,0,0,1,0,0,0,0,0,0,0
SV_1747,Ucayali,0,0,0,0,0,0,0,1,0,0
SV_1748,SucumbÃ­os,0,0,0,1,0,0,0,0,0,0
SV_1749,Antioquia,0,0,1,0,0,0,0,0,0,0
SV_1750,Antioquia,0,0,1,0,0,0,0,0,0,0
SV_1751,SucumbÃ­os,0,0,0,1,0,0,0,0,0,0
SV_1752,SucumbÃ­os,0,0,0,1,0,0,0,0,0,0
SV_1753,Antioquia,0,0,1,0,0,0,0,0,0,0
SV_1754,Orellana,0,0,0,1,0,0,0,0,0,0
SV_1755,Napo,0,0,0,1,0,0,0,0,0,0
SV_1756,SucumbÃ­os,0,0,0,1,0,0,0,0,0,0
SV_1757,Napo,0,0,0,1,0,0,0,0,0,0
SV_1758,Morona Santiago,0,0,0,1,0,0,0,0,0,0
SV_1759,Morona Santiago,0,0,0,1,0,0,0,0,0,0
SV_1760,Pastaza,0,0,0,1,0,0,0,0,0,0
SV_1761,Morona Santiago,0,0,0,1,0,0,0,0,0,0
SV_1762,Pichincha,0,0,0,1,0,0,0,0,0,0
SV_1763,Imbabura,0,0,0,1,0,0,0,0,0,0
SV_1764,Morona Santiago,0,0,0,1,0,0,0,0,0,0
SV_1765,Imbabura,0,0,0,1,0,0,0,0,0,0
SV_1766,Esmeraldas,0,0,0,1,0,0,0,0,0,0
SV_1767,Esmeraldas,0,0,0,1,0,0,0,0,0,0
SV_1768,NA,0,0,0,0,1,0,0,0,0,0
SV_1769,Amazonas,0,1,0,0,0,0,0,0,0,0
SV_1770,Bolivar,0,0,0,0,0,0,0,0,0,1
SV_1771,NA,0,0,0,0,0,0,0,1,0,0
SV_1772,NA,0,0,0,0,0,0,0,1,0,0
SV_1773,NA,0,0,0,0,0,0,0,1,0,0
SV_1774,NA,0,0,0,0,0,0,0,1,0,0
SV_1775,Orellana,0,0,0,1,0,0,0,0,0,0
SV_1776,NA,0,0,0,0,0,0,0,0,0,1
SV_1777,Amazonas,0,1,0,0,0,0,0,0,0,0
SV_1778,Vichada,0,0,1,0,0,0,0,0,0,0
SV_1779,NA,0,0,0,0,0,0,0,0,0,1
SV_1780,Bolivar,0,0,0,0,0,0,0,0,0,1
SV_1781,Corabobo,0,0,0,0,0,0,0,0,0,1
SV_1782,Orellana,0,0,0,1,0,0,0,0,0,0
SV_1783,NA,0,0,0,0,0,1,0,0,0,0
SV_1784,NA,0,0,0,0,0,0,0,0,0,1
SV_1785,NA,0,0,0,0,0,0,0,1,0,0
SV_1786,ManabÃ­,0,0,0,1,0,0,0,0,0,0
SV_1787,NA,0,0,0,0,0,1,0,0,0,0
SV_1788,NA,0,0,0,0,1,0,0,0,0,0
SV_1789,Matto Grosso,0,1,0,0,0,0,0,0,0,0
SV_1790,NA,0,0,0,0,0,0,0,1,0,0
SV_1791,Esmeraldas,0,0,0,1,0,0,0,0,0,0
SV_1792,Antioquia,0,0,1,0,0,0,0,0,0,0
SV_1793,Antioquia,0,0,1,0,0,0,0,0,0,0
SV_1794,Antioquia,0,0,1,0,0,0,0,0,0,0
SV_1795,Antioquia,0,0,1,0,0,0,0,0,0,0
SV_1796,Antioquia,0,0,1,0,0,0,0,0,0,0
SV_1797,Putumayo,0,0,1,0,0,0,0,0,0,0
SV_1798,Meta,0,0,1,0,0,0,0,0,0,0
SV_1799,Districto Agropecura,0,1,0,0,0,0,0,0,0,0
CT_1275,Huila,0,0,1,0,0,0,0,0,0,0
CT_1276,Huila,0,0,1,0,0,0,0,0,0,0
CT_1277,Huila,0,0,1,0,0,0,0,0,0,0
